Product_ID,Product_Name,Sales,Category,Price,Region,Date
c4095484-32fe-42d7-8dba-3230bb6f5a04,amount,959,Electronics,392.32,South,2020-10-04
5ac3ab76-7367-4844-94a6-6c2a4cb3b136,eat,458,Furniture,797.02,South,2021-04-10
ef03e51f-65f0-4205-a12a-6d1567048313,feel,702,Groceries,635.51,South,2024-03-23
daa2393d-929a-4afa-b317-0076ddb5dc64,account,630,Furniture,605.05,South,2023-09-12
a5305e20-86b1-460d-af10-757630db9fae,half,349,Furniture,87.29,West,2023-05-29
8841f504-2612-45d4-9fee-db99a33c04d4,coach,504,Groceries,624.43,South,2022-12-02
c33c4a95-e33c-436b-8f93-7404315dd7dd,treat,515,Furniture,844.06,East,2020-03-05
653e4e00-35a0-448c-8ccf-912544c97a97,born,358,Clothing,469.78,West,2020-04-21
3c68bc2b-6a77-4238-bc9b-b1a7e5c53875,travel,976,Furniture,360.12,North,2024-08-14
5d42bd05-b381-4054-9d62-3aeadae360eb,car,261,Furniture,337.51,South,2023-03-16
af1a4ff6-3d1f-4231-add0-2bff19ae11f0,you,694,Groceries,773.46,East,2020-05-21
15818502-fc85-4063-ad05-258567a9ff14,analysis,59,Clothing,310.82,East,2020-01-24
ada0ecae-f740-4b1c-9d09-da67732c24b7,Democrat,773,Electronics,124.52,West,2022-08-10
5ba43c11-602e-4541-a751-f91a2d2fb7b2,consider,367,Furniture,980.92,West,2020-07-16
5d9472ef-7e32-4414-b0cd-117cd3037e3e,operation,398,Clothing,641.85,West,2024-05-17
9c004a00-e3a6-4422-85c2-9d807d41669a,do,951,Clothing,708.52,North,2024-08-06
4e5cd335-c150-42fd-9e00-1ed99e5cd5e2,discover,170,Electronics,444.38,West,2023-09-15
ba18ed78-b07e-4916-92b1-8f1507f7e5eb,none,413,Electronics,81.93,North,2024-04-10
eeba7ce8-3fee-4a07-bc71-3a1d5766de1a,about,735,Groceries,807.34,South,2020-10-21
1145ead2-63f8-4824-b392-ea95adb9cd85,great,11,Electronics,333.15,North,2020-05-16
95b2086c-69c8-459a-aa07-4b61e036c1fa,return,591,Clothing,162.77,South,2020-09-17
70b78897-2180-434b-9982-cb1fafcce3f8,able,506,Clothing,856.86,South,2021-09-02
35ae6d5f-53d6-4b97-83bb-c82e7d454b6e,crime,183,Clothing,71.73,North,2023-12-21
d198238a-f1cc-49ad-a33a-627820df1696,value,389,Furniture,118.48,South,2021-02-08
dcdae631-ec2c-4c23-9218-6701a90ad844,able,70,Electronics,710.81,West,2025-05-08
7049963c-c58c-4ba7-aa56-e0db8e104e8c,skill,536,Clothing,296.13,North,2024-01-28
d4d6a713-da8f-4ed0-8946-8064f74b52ec,cold,946,Clothing,529.64,North,2022-11-20
b7164d5f-96b3-46da-ba17-6f295588c464,fire,773,Furniture,717.39,South,2024-09-01
d3a9dd33-4b93-4f78-934d-83feed7ead2f,way,788,Groceries,876.68,East,2022-01-19
5f84f498-c0fa-4cda-97d0-f1bd795b92d4,road,502,Groceries,810.59,West,2023-04-07
90daaebc-8080-47b6-baa8-95d0c4df235b,service,213,Groceries,610.13,West,2020-01-19
ac695824-34be-491b-98a6-66397f27b293,boy,762,Groceries,831.92,South,2022-05-08
c4558ff7-6651-45ec-a663-27f37729452c,management,10,Furniture,440.94,East,2021-12-15
fe30bb0c-66a1-4726-a2fd-eb5df3bb859a,accept,987,Clothing,656.66,North,2022-11-10
28f2ff89-ed3c-44cd-a354-5682b2c9209b,or,495,Groceries,616.97,West,2020-02-21
8f2f7b69-e7ef-4692-9e39-98c969e7e7fc,kitchen,83,Groceries,703.58,South,2021-10-15
7e5eb33c-5490-49c0-8f48-cf00cdd2d079,amount,133,Furniture,478.74,East,2025-03-26
e4bf53d3-cd97-44ac-ab29-5480bb486768,summer,110,Electronics,809.28,South,2021-12-14
650696c6-2784-4881-8071-3efae4d0c8b9,process,734,Groceries,161.33,West,2021-11-03
e6932000-917a-4fb0-93cd-4895ed9d81b9,member,482,Furniture,448.17,South,2025-02-09
f06767c6-a682-4be4-9990-7e388081a702,training,766,Clothing,843.13,North,2024-08-14
d2c8e608-d0f9-4511-bf44-a5010a7baf7e,ago,217,Electronics,593.67,South,2022-11-15
4ed4c059-4024-4a05-92f5-df45e8cca7be,there,220,Furniture,668.38,North,2021-06-24
cfb7566a-be81-46b3-9a3a-4237d1ec87e9,heart,166,Clothing,307.85,North,2022-11-01
25b5db07-a32c-4583-83ea-6f60bcfa3d06,wall,270,Clothing,505.96,South,2021-02-26
54beda07-dbf3-4dc4-ba35-2c3ffd0d793a,throughout,687,Furniture,177.76,South,2020-05-16
40d2977d-b037-485d-80d4-ef9a309d08a2,class,146,Clothing,720.91,South,2022-11-21
8c7b0e1c-7e74-4d0b-bb71-7a7ca454faa5,among,889,Groceries,889.43,North,2020-11-01
4f88f1de-8f8c-437b-9dda-ef6a00b90726,executive,757,Groceries,314.66,East,2021-09-08
24e2de41-5dec-4204-9272-ab40b94ee41f,force,373,Electronics,573.15,West,2024-06-13
6a4e5d41-95fe-4a83-a4d8-e60ff562b23b,save,680,Groceries,473.98,West,2024-07-28
8b1d9e9a-df7a-4a7a-a69e-d7fa0c961ffa,personal,679,Electronics,908.86,North,2025-04-04
74f12725-386e-410d-beb5-97f98d4b1f35,today,234,Groceries,138.71,North,2025-05-20
a0153b45-cd03-4031-8194-9512c961230e,short,196,Groceries,695.86,East,2024-12-21
34a9352c-541f-4d27-b794-966074f1f733,party,70,Clothing,467.96,East,2023-10-31
039c3ac3-55f9-4129-89a0-7423eecb7ffd,maybe,189,Furniture,701.95,South,2025-02-03
7d19fd61-33c2-4258-a741-d0504a13190f,box,582,Clothing,947.0,North,2021-04-21
c1894095-234f-4a89-ba52-46f07eee19d5,painting,759,Electronics,214.27,North,2020-09-28
d28c5db6-7c65-40ed-ad5e-43fb2017fd99,four,200,Groceries,396.61,South,2023-04-01
5bd65a4f-f208-41f3-aa48-022a61236af2,stop,110,Electronics,19.33,South,2024-07-04
90a29a74-f18b-42f7-ad2b-09fd2cc51dfc,heavy,362,Groceries,550.28,West,2021-01-21
dfb6d88e-5407-4aa8-9342-47d7ac52154f,together,721,Furniture,941.56,South,2024-02-26
e31b5029-deb4-482e-9f8f-9d60733d4a0b,act,39,Electronics,360.7,East,2024-09-27
747b3ef4-775e-41a6-ac84-808992f78499,relate,730,Electronics,489.0,South,2020-06-21
cc783dcf-1734-43bb-9c49-ee7ddbf2c486,save,23,Electronics,807.19,South,2023-10-03
40acfb23-9ea8-4f20-939f-e66f8a009ca6,cultural,249,Clothing,923.16,North,2025-02-09
b0febdab-7ce1-4494-8428-cbed8a07058f,ago,101,Clothing,606.55,North,2024-11-30
55dc538c-125b-4371-ad1a-e519cb168458,time,159,Groceries,520.0,West,2025-03-29
b2f121e4-d649-4551-a826-3c4c09c3723e,increase,481,Clothing,93.6,South,2022-03-08
2bb64dc3-1846-4840-83a5-14eeeebd8105,with,224,Electronics,669.92,East,2020-05-01
476a710e-e278-45db-83c1-c9bc415184fd,manager,880,Groceries,998.39,North,2020-06-29
e670877e-172d-4f8d-9e2c-5aff209ee9d5,issue,639,Electronics,523.28,East,2021-01-24
d82634b3-1991-4b26-ba58-0007eaa6cdce,area,67,Groceries,714.18,East,2024-03-21
6906a0cb-d375-48ce-8d2f-fbee45dad751,ball,658,Furniture,893.34,North,2024-06-16
31a4172e-9c0d-4a78-97c5-f1dc9946f605,since,329,Groceries,935.33,North,2020-06-26
73035d19-79c1-4977-8a4f-c39f84d64f5e,many,272,Electronics,964.83,North,2021-06-21
2a8c6c25-fef0-48b3-8a92-a0e8f8092196,most,140,Electronics,859.61,East,2024-06-11
a1da1840-3281-41a3-af43-e2cddbe363cd,fear,109,Clothing,242.65,North,2021-10-01
fdddad95-e15a-4a09-b15c-dea0496ff2fe,east,540,Groceries,547.75,North,2022-12-22
6c2eea19-b017-46f7-89ea-e9403497c3d7,she,514,Groceries,984.07,West,2024-05-12
82e6cd7e-b6ea-4e42-aa18-76b497e9f1e6,food,234,Furniture,387.3,West,2024-02-08
9cae3f23-29cf-49be-87d5-f83b6c7a9b82,low,262,Furniture,11.0,North,2024-05-17
d64e4921-f1d8-479d-add1-14135fe7845a,as,413,Groceries,706.74,East,2021-01-06
7d1f3d97-1ea1-44d9-8343-05fedf59aeb5,charge,479,Groceries,677.52,North,2022-09-02
6321b295-f1c0-4c93-96e7-7268b9d786d6,stop,827,Clothing,817.38,West,2022-03-28
a79f6846-3a5e-432c-b3b4-5d360124c2b9,his,224,Clothing,829.49,East,2020-01-29
7d9d51f5-a406-4d68-8e6f-947aa189cd7f,relate,886,Electronics,335.41,East,2021-08-15
05f014f4-c908-4177-88e2-0b12d5fcf193,friend,604,Clothing,80.73,South,2021-01-27
f9899922-0357-4d80-96d5-591bc5617ab8,better,676,Furniture,454.07,North,2022-11-17
20572a5a-782c-4917-9b68-3d21db34af74,subject,1,Furniture,66.38,East,2023-01-28
e00842ec-da1e-492b-a5f7-c2573592886f,brother,732,Clothing,736.11,West,2025-01-14
79a09605-31cf-449b-ae4d-a5cb7e6659be,just,630,Furniture,490.06,North,2021-01-27
9174d639-194c-4497-8c3b-47fd2d7ef671,concern,232,Electronics,119.94,East,2023-08-22
b00a05a0-ac6e-4be9-a044-1e81fc2ce5d7,occur,597,Furniture,47.41,South,2023-06-15
45b928e2-8a70-43d9-ad49-4830226dc7fe,include,409,Clothing,70.23,North,2021-03-04
d2d3924b-2681-4650-877c-8750ff908d0e,across,867,Groceries,850.34,West,2025-01-22
e9af43da-5257-4dfd-949b-569cdcf64f6c,computer,948,Electronics,931.26,East,2024-05-28
3e61b232-e78d-48eb-ae0a-575a0407c425,always,363,Clothing,910.93,South,2021-08-22
14b7cbc1-0f64-4d51-aa1c-56cb96dcc77e,today,139,Groceries,249.05,South,2023-06-10
20f4008b-3350-4f77-9a66-0eaee8ead890,professional,41,Furniture,10.52,North,2021-03-09
b24373fb-d126-4f1b-a730-948d4bdaf759,western,224,Electronics,550.5,West,2024-05-30
4747c069-098e-437b-afa9-be5386683bdd,study,200,Electronics,678.31,South,2022-05-22
c90c9936-85a4-49b2-9d2d-846adba9343f,show,895,Electronics,905.99,South,2023-05-29
eb3d6ec7-94d7-429e-b00d-339de90df3ad,ask,29,Electronics,386.13,East,2021-03-09
8a0bfa45-9595-495e-a867-3a061fe7a7a6,attorney,648,Clothing,380.85,South,2024-05-06
d925ee9a-7d51-408d-8d44-af6028d96ebe,hold,811,Electronics,795.64,West,2021-03-03
44a71fa8-6290-4428-8c9c-cb94bdfb7517,subject,374,Furniture,239.27,North,2025-05-11
0ea994e2-5753-4be3-8bbb-f0606e9fc2b6,well,867,Electronics,101.22,West,2024-09-09
3fb1757c-cf2d-4e38-bf17-8385815d9c1c,series,362,Clothing,884.14,South,2022-01-04
afc8aa36-aa20-404d-b297-715d60e90c3d,benefit,794,Groceries,243.13,North,2024-04-25
02e5b5d0-87cb-4060-8d95-3d9105fc3174,recognize,806,Groceries,576.77,East,2023-06-03
24872bdd-47b3-45fc-b475-4858f184803c,fly,308,Electronics,897.14,North,2020-02-28
53430624-e9f1-4600-a4f2-111f2d851685,find,699,Groceries,794.16,South,2020-05-28
1ca00ca4-71fb-4ca4-acbc-6f5381b909fd,police,141,Electronics,853.44,South,2024-11-04
8a94f202-406e-4902-89d5-a379f15d32ae,wish,236,Electronics,382.35,East,2023-07-15
549a5243-3ae0-450b-b151-94a5dab5d3e3,talk,496,Electronics,394.92,East,2020-11-12
5b60b5fa-d5ab-4ea3-bd51-0b819e194d81,east,278,Groceries,397.3,East,2023-07-28
73ab503d-ce39-464a-af86-50763dc90381,drug,403,Furniture,66.71,West,2022-11-14
7621088d-4903-4337-878a-0dcfc60929b6,realize,711,Furniture,766.35,West,2020-07-03
59bb0163-30da-48ce-ada2-31276a59b865,record,162,Electronics,644.6,West,2021-04-01
f135e13e-2620-42fe-977c-dca0f48ef239,blue,65,Electronics,949.33,East,2021-07-09
333ec2d8-d2c7-4479-8df7-bf8dfc655b0c,style,974,Clothing,738.45,East,2021-05-17
a305b7f2-873f-4706-b925-b36368d5d5ee,everyone,163,Groceries,473.8,North,2021-04-29
277add0c-66ff-4892-8ab0-09642ef72731,bad,541,Clothing,614.23,East,2025-03-26
78c9bc58-ea42-454d-890a-7b7fc1799205,remember,238,Furniture,523.42,East,2020-12-10
0c7b1cb4-01c2-465f-9e58-c379ef1a38a9,store,173,Groceries,569.48,South,2022-02-11
a3cc395f-6873-42e0-a2e8-6f4764bbd742,education,839,Electronics,910.13,East,2024-10-20
275c64a8-0a3f-49d0-8057-e3ea7deadd8d,way,210,Furniture,72.43,West,2023-08-28
0abb415e-db8c-45ce-b3ba-7214ca215bca,everyone,150,Groceries,974.3,West,2022-10-25
619353dd-1f97-4ed8-afd0-b857cc8da9a1,walk,903,Electronics,64.68,South,2022-03-24
eb728d2a-a8d4-4d23-81e3-674182058cb6,wish,234,Electronics,421.84,East,2025-04-02
f3770633-a65b-4622-838d-a81c74f5cfa2,talk,428,Clothing,926.8,South,2020-03-12
1c16e687-5273-4acc-9bd7-ac546e8544e1,wait,436,Furniture,958.33,South,2022-04-13
80154cb1-1b67-4130-85d2-b8179f285cc6,college,488,Groceries,496.44,West,2022-04-18
04a98253-0172-4bef-865a-79d090cf2521,late,418,Clothing,574.83,North,2024-07-16
0ad8a5b9-e7da-4e31-ad60-1e44224f88da,across,86,Electronics,532.1,North,2020-12-07
2de4a517-8427-465d-9b94-5587f17962c5,president,708,Clothing,621.62,North,2023-04-01
254242f4-fe58-4418-8375-f2e0e3a51e72,page,70,Furniture,351.28,East,2021-11-21
62a2e673-d63f-44fd-ac57-3706113aae4a,production,3,Groceries,365.04,East,2025-03-19
58ddb7ea-fc22-436c-8eaf-2de4f3a6269c,garden,862,Furniture,687.58,South,2020-09-08
83627e25-9ca3-4084-98b6-2ae8ef4cbdc3,message,225,Furniture,448.82,South,2023-12-07
19903ef1-1212-4052-9f82-0b1dc57e75cc,most,448,Furniture,373.4,East,2023-05-03
6af5f66b-3fcc-4fb6-ba8a-c907072e38ab,store,15,Clothing,890.69,South,2023-01-23
77ae12ea-a3d1-4183-8578-981e9bd8638e,area,699,Clothing,723.94,East,2021-02-16
d0df8183-924f-43dc-bbd4-7a3fbd19cb98,politics,619,Clothing,932.33,North,2023-01-11
625af4ff-f86f-4033-ae95-fd7d62dda7e3,great,957,Furniture,321.03,South,2022-04-15
654d32da-3278-408c-bde9-d1a5f8b9f0e3,question,782,Electronics,405.33,East,2022-05-12
54c61971-3741-44e6-988c-739684dc0995,college,299,Clothing,898.92,South,2021-05-20
d9c7e9a9-be5b-408b-8142-b24c389af09f,dark,645,Clothing,149.24,East,2020-01-29
f73ff1a7-c7a5-4c0d-ba92-0cc56f908521,reveal,797,Clothing,814.61,East,2020-07-23
0e7a3bc4-474a-46f9-b15e-ceb220a22f73,as,726,Groceries,940.64,North,2023-02-24
2e5da44c-95b5-4e1c-8674-c439360b1e0c,remain,528,Furniture,765.51,West,2025-04-25
64556927-d3cb-4d12-bd7b-97c8715ca480,last,584,Furniture,621.15,East,2024-03-03
cf6a2a6a-0590-4f96-8083-e42314053abd,wife,878,Electronics,381.86,West,2025-01-05
18accf45-e927-45c2-a9a5-840a129e8d4c,notice,287,Electronics,997.48,East,2021-01-07
9f16fe6a-4557-4025-8b32-2d470d87330a,teacher,856,Clothing,537.98,South,2022-10-20
9905b732-4523-4863-be3c-8fcd2221ec9c,protect,283,Electronics,531.97,East,2024-08-06
046114fd-1d4a-470a-8559-72608178c69a,modern,605,Groceries,968.16,East,2024-11-14
765e87a8-1cdf-4844-afb7-541bd3ea92cf,worker,579,Groceries,730.13,West,2024-01-11
f778aa6a-70d3-41a8-8211-f2d07ad8c19f,back,219,Groceries,659.35,East,2020-08-22
9a55a3f8-1cac-41f6-9ba3-354f73365938,friend,633,Clothing,252.53,North,2020-02-17
a77be115-15a9-4cdb-9614-9dd301b17a97,water,228,Electronics,509.2,East,2023-10-02
f09e4238-f510-4363-8a5a-1b9df4a1d8a5,box,266,Clothing,964.94,North,2021-04-03
a2bf9e8a-90d8-43ed-a3ab-1a1ba95f91b9,deep,646,Electronics,289.94,North,2022-12-01
605e5b41-ab48-4b03-bea4-534ddc3420a9,despite,321,Clothing,128.7,West,2022-12-17
6d5670b5-e153-4f69-a66e-475d9655867b,simple,852,Furniture,874.48,North,2021-04-25
2cfdaceb-14df-4da7-b9a0-09214952ff80,music,151,Electronics,368.84,North,2023-05-10
16531918-d02d-433c-827e-3606cff623fb,reflect,784,Groceries,322.74,North,2023-02-28
b0d32811-7b97-4d8a-a8dc-0fe5d2907879,long,708,Electronics,126.0,North,2021-01-25
747269f9-ce34-4d64-a4e6-6f3ad66d8f4c,operation,167,Clothing,397.02,East,2020-10-07
175f959c-a097-48fb-8bad-2bce7d9111d9,interest,172,Furniture,990.48,East,2021-07-20
42abd05e-48e7-4965-ab57-7ea9a8345811,everything,222,Clothing,284.31,West,2023-04-08
55c38e19-1ac9-4c04-a389-a861993f3eb3,minute,821,Clothing,975.85,North,2025-05-09
f1e2a80b-d13e-499b-a4ef-8ca624a42e7b,discover,853,Clothing,615.04,South,2021-06-17
2cdaeaee-d2e3-4581-b7bc-713cf2d61d68,yet,610,Groceries,118.58,East,2020-05-12
67a332ae-6942-4f20-a3a6-dc76f78250d8,leader,489,Clothing,374.29,North,2024-01-11
b27545cb-0cb3-42dd-9b27-5def32688d62,newspaper,754,Furniture,269.44,East,2024-03-29
01a41bb0-087b-46ba-a316-09e32251a735,few,931,Clothing,472.42,South,2021-06-28
77390af2-50aa-43ee-bbf3-64f93cb26eb5,yes,710,Electronics,884.83,North,2023-11-01
02194d82-a6ff-454f-b028-81f68565714e,himself,41,Clothing,178.15,North,2024-05-20
211c4a21-2116-4b2b-9a2c-ce3a57ba6511,knowledge,522,Furniture,310.54,East,2020-04-26
994ac8d6-216e-4cad-a676-4484be1f43d8,risk,451,Electronics,973.31,North,2021-02-20
2f93e3af-a7b8-4bd1-807a-9f0832d9c8bb,mean,657,Groceries,536.39,West,2020-03-28
92c5071d-4445-43d8-a332-e6872ef3675a,low,111,Groceries,386.7,East,2023-08-06
c0e05ec0-610e-4bb2-af60-7bec32803e29,would,39,Groceries,495.81,East,2024-11-19
858a590e-4640-4c3c-926f-0d4e892c76db,themselves,956,Clothing,221.96,North,2024-06-04
dc185e5a-4922-42d7-ac39-207dae339aa1,center,645,Furniture,211.34,North,2022-01-28
974141a3-78cd-4f9e-8699-3cf1432a3b53,onto,61,Groceries,222.43,East,2022-08-19
b9e8d204-1bd6-4b31-9204-2b1e5de5fa33,free,504,Furniture,86.05,North,2024-07-31
18d377c3-ba80-45e7-8b8e-093376713535,least,650,Groceries,811.94,East,2024-06-10
fe76d075-45c8-4345-a2b8-dff5ae2363b0,shoulder,49,Furniture,209.38,West,2024-12-04
552573e4-f562-4bfe-919f-89061337c73a,radio,220,Furniture,980.13,North,2020-10-16
83d299a0-d670-465e-99bd-c6aa1600ce80,law,850,Groceries,894.92,West,2020-10-21
9a852d50-b85c-4160-a8e7-36d7fbc06e58,role,885,Clothing,626.47,East,2022-10-01
20c8e62f-f25f-49bf-9918-2d1f09a9fa0b,house,789,Furniture,725.83,North,2022-01-25
bf2edaed-cba3-4d76-b618-d0f1d3ceef0c,late,348,Electronics,814.13,North,2024-02-24
df1a7f35-7008-456d-8442-db1f7544674e,claim,486,Furniture,278.36,North,2021-12-25
6c1a8b2d-99ce-4e0c-a510-0eb277bfa11e,prepare,554,Clothing,662.28,North,2021-03-13
6be8df1c-8376-414b-ad9b-51974855ee52,possible,984,Electronics,622.54,East,2024-07-01
ebf26fb0-327d-443b-8a87-cf5647b63a30,grow,237,Furniture,263.45,South,2023-09-27
f00280e2-9b90-48e7-a914-355978708d5a,watch,123,Clothing,488.3,West,2022-11-13
c9dcfd70-065c-4d35-8335-e70279103964,station,558,Clothing,437.03,North,2023-03-07
12dea502-5dd1-45b2-92bd-b4384e36d554,general,65,Electronics,230.73,East,2023-03-17
3d54c7b7-2181-41fe-adfb-692ffc03ae39,computer,889,Clothing,852.98,South,2022-05-07
498063d1-f155-4e04-9cf6-aed4b2e8b397,adult,89,Electronics,860.35,North,2022-03-07
3c48d8cb-905a-473f-bf91-df6aabfb05d8,cell,547,Clothing,275.07,South,2021-12-06
89ff78e6-f55f-4d82-9109-522519e2f23d,ready,250,Furniture,500.81,South,2020-04-27
aaf17241-ec64-45f4-8d9f-f14f20fcfc31,strong,507,Clothing,277.95,West,2022-11-13
5ff9fe3a-d4cf-407a-a082-3740c2396d65,whole,200,Clothing,506.75,North,2024-02-25
517dbf9c-13aa-4cb5-98df-0b34500a9d37,young,335,Groceries,945.93,South,2020-06-29
5826fc58-f096-4a3e-a5ab-952c1e01326d,my,276,Clothing,863.6,West,2023-05-21
be81f854-443a-41ab-937f-691f16862cc5,in,788,Groceries,313.09,North,2023-05-12
d63ae256-2371-4097-b632-71f524b85450,appear,268,Clothing,45.94,East,2024-04-29
296da5eb-640b-478b-a8f0-0ab23b2392e9,read,216,Groceries,806.04,East,2021-04-12
b984af95-6c6c-4bb6-90d5-d73fa4dec6b7,phone,625,Electronics,391.32,East,2024-02-25
713779b6-d58a-4b22-ad08-ac390afa4d9d,true,200,Electronics,398.46,West,2024-05-05
e2e28e1a-2a7e-4976-9f10-d536d28e92a1,contain,628,Electronics,573.28,North,2025-05-09
1d8077eb-5fd5-41d0-a699-db88fd962f88,read,548,Furniture,872.01,West,2023-06-07
aaa6ae16-8119-4421-a51b-07336ba8d0c5,process,712,Furniture,590.55,East,2021-06-26
5639335d-1e87-41ed-a861-43840941a880,board,753,Electronics,765.32,South,2025-05-27
3c28565e-a09e-43c5-92b5-23533bfc117c,view,267,Furniture,424.94,West,2021-09-05
56bc83d9-6838-4aef-b0d0-9507c343c939,ok,146,Groceries,942.03,West,2024-07-14
65482c12-35d7-4272-8e7a-641052103441,public,384,Furniture,233.84,South,2021-08-05
0cca43e8-9300-446b-bfaa-43f0bd3bfc89,task,118,Groceries,424.57,North,2022-02-22
94d08da4-e9e4-4745-9016-f4975304f3b4,friend,54,Clothing,244.38,East,2024-12-14
5c35de85-0317-434c-bcad-e7e3683d56c1,explain,206,Groceries,728.71,West,2023-04-23
23ce48fb-ec36-48a3-a928-2c037e561972,some,881,Furniture,400.81,East,2025-02-21
6480aae2-9e5d-4f0f-8c11-9d3c7d842d59,staff,765,Clothing,975.96,North,2023-02-27
6de8987e-6fa3-4c2a-99a0-739f3d3e7244,voice,486,Furniture,886.4,South,2023-09-01
dad5eaef-11ec-4639-a23a-8110423e188a,send,70,Electronics,479.32,West,2024-10-25
e0318185-8a3a-43a7-9f8e-2c3e6f54a11b,theory,202,Furniture,930.66,East,2020-10-10
9c1af1d9-ef95-4b11-b192-7f653ad3a0f5,become,620,Groceries,954.84,South,2024-04-27
23f02095-92de-422c-b9d3-e5bbcbddf186,end,441,Groceries,321.84,South,2021-03-12
1e306a05-9b67-4ccf-9540-0b6c0a883fd0,hard,175,Electronics,525.29,North,2020-03-07
860b6e3a-5581-4aa9-8ce1-577aa1020a69,happy,514,Clothing,929.25,North,2025-04-13
2bdb9533-0264-43c6-9333-0d28ff8e6084,seek,344,Groceries,642.48,West,2024-01-21
25db3c60-60b2-49ae-92ba-d1b588afe440,field,23,Groceries,801.31,South,2020-11-03
d37b95c7-8b9a-4e78-9583-dbf260c83303,baby,976,Clothing,600.89,South,2023-12-06
59712aa4-f910-4a8d-b6c9-d03e29fe316a,million,484,Furniture,346.35,East,2024-01-16
db7d66e6-ab7b-4da4-ada7-068fa2d42d12,bank,692,Furniture,383.19,West,2021-09-29
050b1caf-37d0-451f-ad2c-cddb693eae75,rule,567,Furniture,818.33,East,2020-09-09
e3e858bd-2d1d-4e19-9b5d-e55c929ef9f7,behind,28,Furniture,905.74,East,2020-06-09
5bea4b4a-266d-4516-b7d9-e67fee29681a,material,710,Clothing,220.81,North,2024-12-06
ee3ef73e-4743-4369-890e-f8f809c4f128,despite,927,Furniture,696.61,West,2024-09-22
048ea24d-cdf7-4077-af76-8ba59d101c55,always,606,Furniture,148.42,East,2020-05-06
587dd83e-2e46-42ed-8e62-bc7b3b98a172,skill,657,Groceries,301.13,East,2023-02-20
23c500a5-1c59-4fe7-b968-b87ea2eaf1a6,mouth,641,Furniture,753.64,East,2020-07-18
d94c64d0-e05e-4844-9dbe-50f16b1dd00b,operation,715,Furniture,821.44,North,2023-04-15
9050d36b-f531-4811-9868-838a3204b965,pay,263,Electronics,267.84,West,2021-04-16
9c5abd2a-7704-4600-bd98-ca030ac28903,campaign,658,Furniture,579.9,West,2023-01-19
716910c4-486f-45f9-b5e0-d361a9435bfa,property,72,Furniture,11.55,North,2023-04-28
ec353057-e33e-4cb5-83c6-57c1bb74bf73,social,371,Electronics,779.21,East,2021-07-05
256ced4c-6f8f-4ec1-b264-acc04be0f074,system,185,Clothing,507.82,West,2025-03-06
ce712b2e-2af8-4735-aebc-a4520dcfc66e,peace,927,Furniture,190.42,South,2023-10-03
9679475d-3c9d-414a-b88b-6758becf8e7b,main,252,Clothing,186.16,South,2023-05-12
b0b17e7e-1361-41b0-a65f-a4e12bb6c1db,town,343,Furniture,949.77,East,2021-07-02
65cf1874-82f5-4d27-b2fe-0716d2129f20,join,309,Electronics,256.5,North,2022-12-18
96d4d216-c8ca-4efe-8145-f9c0cbb818c0,politics,595,Clothing,11.43,West,2022-08-17
db6ea15d-7143-4ae3-8131-22172468ac79,outside,336,Groceries,365.56,North,2025-04-18
2c8ea186-09d5-4b4e-8071-c7c55e1ecc06,near,177,Electronics,441.38,North,2024-01-13
afcee748-2be0-454d-8bd4-2cbb16afdb3d,personal,603,Groceries,14.94,West,2021-06-01
27d77edd-10e7-41d5-b580-a81a7d6a687f,near,502,Clothing,825.77,West,2023-11-18
7ad3e8ac-949f-4185-a9c5-a1fe6b05561f,baby,426,Groceries,213.86,West,2021-11-27
ea1a4fc6-b7ce-4baa-aabf-34ce773ae718,soldier,78,Clothing,770.02,North,2020-02-25
cf27fcef-1229-4af4-b4fe-3f4bf4644f22,science,201,Groceries,829.26,South,2020-11-22
029147b8-4084-48fe-925c-032a56eb4f06,energy,436,Electronics,72.83,East,2021-10-25
fada2671-ec46-40be-937a-e8e89f53c944,free,106,Groceries,210.74,North,2022-02-23
744a2e1b-d857-455b-9af5-44b2e5574ee6,for,853,Groceries,345.63,North,2020-06-11
4d6712a5-3b25-4a32-bb96-44beec737348,easy,735,Furniture,530.18,West,2024-08-14
ebc01326-4439-432c-a09c-7bc8cff3dfdf,significant,61,Clothing,914.81,North,2023-12-11
0b5626b2-9ae4-4058-a585-ded299ee9b43,evidence,381,Electronics,897.13,West,2022-05-26
4117022e-af73-4d0e-87b9-495fd2db45f2,kind,555,Furniture,846.96,East,2020-08-28
c0790114-da1a-469b-b9bc-21f4048bb5bd,data,30,Furniture,438.16,North,2024-08-29
95b1b4a1-31ea-4d9e-97cc-97bec43165a0,able,324,Groceries,489.97,South,2023-05-13
d43b96ec-adc2-4a93-bf50-95f4d86a87bb,anyone,112,Electronics,325.21,East,2021-12-11
af3200fe-0423-42fa-a25c-51e71b49e331,happy,506,Furniture,436.1,South,2023-06-29
3702026f-2da7-4efa-9e60-6f1a7543313b,well,81,Electronics,183.55,West,2021-10-18
8d13dda5-78a5-4db3-9746-27b425258e9b,also,89,Furniture,267.23,West,2020-07-16
31258ee1-fa4b-4d55-84c0-a881f4405eca,trial,172,Furniture,495.45,East,2022-07-24
39d59a6f-20a6-4f03-b135-a93304a3d7fe,case,789,Furniture,865.04,North,2024-01-14
86c996b8-83c3-433f-b043-b52dd3ebeeaa,organization,591,Electronics,236.48,South,2024-12-27
99893563-4a71-4cea-ab58-350d1ab8b1e8,skin,568,Clothing,363.5,West,2023-12-16
b480ce80-512a-4a7c-bfc4-2ea4a36d238c,trip,850,Furniture,274.82,West,2024-02-06
d233df7b-5fcb-41f2-93d2-28ed70c3aefe,you,49,Electronics,794.78,East,2022-06-28
3085e328-173f-49aa-bd2b-01821dedf0ac,must,565,Electronics,390.5,North,2022-01-12
470d57e2-4442-4bf4-ad41-cd07b9d91ff2,from,63,Groceries,69.29,North,2021-07-19
e695fc81-2d6c-4450-bfab-852cfbd8b053,plant,282,Clothing,49.91,North,2024-09-29
7a7d5220-c141-4b9f-ba28-5d0b33e13f85,glass,326,Groceries,492.46,West,2025-04-18
fdc1c6cc-a5bd-4cfa-a667-08d2fac4ae31,degree,856,Furniture,600.67,South,2024-01-09
12cdb916-fb6e-4a30-a92b-54c2b11d3354,program,881,Groceries,31.21,North,2024-02-02
c5b04026-d9f8-49a6-a43e-6fdc795dfaa4,analysis,903,Furniture,63.89,North,2022-08-23
2085b9e3-8b1a-4cb1-a56b-407dd1e73b3f,item,419,Furniture,60.62,East,2021-05-27
eedef606-0f9c-4f67-aa02-3440d40d8db3,sea,926,Electronics,108.06,South,2023-04-16
010b9a10-7385-4f47-a4c6-57bef0d86fa0,economy,261,Clothing,601.82,East,2023-07-13
4d4e7b43-f3fb-4353-b2d7-955f1416d4a9,matter,849,Clothing,938.03,East,2023-05-17
5b5c8852-ff4d-4fcc-8007-8aa33eed6fca,though,464,Furniture,96.51,North,2025-04-28
b40995c9-5e49-46e7-81c1-0347f7d1e3f2,left,431,Clothing,139.39,South,2023-02-01
ec0d85b0-e0bb-48df-8b02-72a2dcc22f57,country,494,Electronics,805.43,West,2020-04-20
e0c31c94-f46e-42d4-9749-a1511d3abcfe,whatever,222,Electronics,457.84,North,2022-03-10
5b0ac642-f89b-4856-90cc-007a847034a0,book,759,Clothing,112.68,East,2020-09-24
4034ea38-9a22-48f3-9291-4c13941041b7,almost,600,Clothing,508.11,South,2022-07-23
3a02c1df-1a8f-4c46-9a1d-0969c76ecab5,reality,976,Furniture,976.09,East,2022-04-15
2065fd45-40fe-40b0-8687-cf1309a07b15,who,840,Furniture,977.65,East,2021-10-02
858b6658-c87f-4021-8934-22e2c8542f9d,something,838,Groceries,118.93,East,2022-11-07
e5cd52a6-a7a8-4ca4-aa7a-4f6e2f59eb47,though,147,Electronics,643.08,South,2021-03-12
10839cf0-0ea4-4ecb-9de7-80583183f65b,window,419,Furniture,544.34,East,2022-12-13
c49c862d-4bec-49ba-b8a9-cdcb27a64739,least,286,Electronics,695.27,North,2020-09-29
b06e9234-f58c-47b3-b8c3-d7763b6fea6a,it,354,Electronics,909.12,South,2022-10-13
074a8299-70d4-49ed-b886-a62b7d1cbe84,range,129,Groceries,13.04,North,2021-07-02
05cb76de-2109-4f06-9078-59e33eb3dc2e,area,286,Electronics,763.18,East,2023-09-07
7e0e711f-2b5b-4aca-8f72-3211ca815abe,agree,291,Furniture,843.85,West,2022-04-22
57fc05ef-bc46-4185-8c90-f2330872c7f2,about,784,Groceries,22.24,South,2022-05-30
c0fc9004-1c0e-4d02-bb30-dfa7c2e4a345,house,917,Electronics,207.45,South,2022-01-05
b5665e16-0aad-486c-bcb7-bf1da89b77df,white,681,Furniture,35.91,West,2025-03-27
614ce214-36a6-4ac1-b0cc-9f0bba05f4b6,me,277,Clothing,663.17,North,2022-10-30
89a9c0e8-4877-4351-bbee-61f805565cb9,provide,315,Electronics,745.57,East,2024-12-15
79d977a3-40c6-4632-bdf7-bd11c6d7b21e,commercial,689,Groceries,174.88,East,2021-12-17
35071a97-248d-4c90-95f3-0688d17a0633,country,588,Groceries,998.4,South,2023-12-29
ec8ddec3-4256-4e47-9716-63fcdd4d9306,themselves,784,Groceries,747.16,North,2020-07-04
dacb5e3a-a0cd-4545-9f29-7ee9af02391c,summer,5,Electronics,387.91,North,2022-09-25
129f5223-2f58-46fe-ba1a-c3e122aca54e,east,322,Groceries,610.89,East,2023-11-29
8752c77c-9bc3-41b6-b700-4dbc34191cdc,three,903,Furniture,297.49,South,2020-08-08
7e6fa5c4-1d12-49b5-be98-e6c1b039a1c5,standard,793,Electronics,175.11,East,2022-06-06
cdd89e48-f307-4bf6-8b53-b54fdca33323,tell,885,Furniture,252.87,East,2024-04-03
543f64e6-d9e4-4ac6-9a57-fc31b7f46e9e,commercial,97,Electronics,891.28,South,2020-04-07
ed787ad3-053c-4abc-a33e-905cea4f16a9,bad,650,Furniture,558.6,North,2023-11-12
9235a121-babd-41ae-a3be-908c8cf7912c,relate,89,Groceries,826.16,West,2022-11-09
f8af4b85-cbec-4bca-8a88-ca8615b4f8d7,door,394,Furniture,180.16,South,2024-11-15
dcc559fc-92d6-4f6d-91cf-7827011ba60d,identify,630,Clothing,200.11,South,2020-04-30
d6de3878-11d4-496a-a6de-391c41bf1d5d,nor,201,Groceries,512.21,North,2020-06-22
c53263a4-c81b-4cf9-a0d0-90b21285e975,set,949,Clothing,450.08,North,2025-02-01
5be4cf3d-cf35-4cec-a008-655c2ab6cba3,discuss,809,Furniture,208.46,West,2021-04-11
076ffc33-6e66-4d7e-b4ef-3e0994367ce6,always,908,Electronics,827.63,East,2022-07-29
28c4a532-d5ac-4829-9390-e39bb221703b,west,319,Groceries,618.38,West,2025-05-16
2f2d2425-744b-42a3-a3a8-d7d228682424,Congress,145,Furniture,963.74,North,2024-04-28
c50a706a-3718-49d4-8706-dd3be53c3d50,field,130,Groceries,944.14,West,2023-06-30
ecf822fa-854e-45cf-8da1-94c9d94a54e0,cultural,111,Electronics,567.6,West,2022-12-01
2b42bfd4-1fa9-4e8e-b8cd-c1dce2926f19,pull,516,Furniture,12.86,West,2021-12-02
24de3c33-03c9-424f-bbf9-7f5e4a3f340c,market,789,Electronics,180.17,East,2021-06-05
2a064637-a12e-4edb-9bf0-20c13a666588,safe,364,Clothing,318.25,East,2021-06-24
d2a15fc4-30e8-4a04-9218-6537aa2db76f,policy,792,Clothing,715.23,West,2022-10-02
727cd66b-d761-431e-a9f6-de169864d646,plant,83,Clothing,199.72,North,2024-12-05
d0b58f69-c11e-458a-bd3b-31e77ec721be,increase,255,Clothing,205.11,East,2020-07-23
316e91c7-c2c2-4390-a70b-2a82265368c7,blood,119,Clothing,756.98,South,2024-05-30
10cfbeb4-d0a1-422e-8cbe-c12083e12d20,word,861,Groceries,834.56,South,2024-01-04
44c7184b-c50c-41bc-a29f-b3a3e59e9675,north,865,Electronics,815.58,East,2021-04-20
b521626c-8533-4bb2-a72f-fd18075bd5a1,arrive,222,Furniture,472.32,North,2021-03-01
d79c0613-ade4-4d2a-af71-1f6e6765e825,brother,616,Furniture,935.97,East,2020-03-19
808817b1-f91a-4585-baed-77d2b9ffa33c,movie,620,Clothing,579.6,North,2022-10-15
b1227da1-0737-423b-84da-96226187dd4d,man,146,Groceries,880.58,South,2022-09-16
57bbb45b-a10f-4a5f-88a8-1e6a770d957f,body,526,Furniture,331.6,North,2020-12-13
5b631c0d-ad37-49bb-a5a0-b3c74e617ce1,stop,328,Clothing,133.74,North,2021-07-07
3dc90ab4-8924-4d81-86f5-e394d727396d,tough,762,Groceries,495.58,North,2020-09-07
73bb58cd-384b-408f-a521-02e3e9fb88ab,professor,311,Groceries,791.76,East,2025-02-24
abdccbcb-7619-4519-a51a-1e2b57328733,summer,573,Electronics,155.08,West,2021-02-20
d4c06105-c689-4c7c-b2a7-14e01e560a73,dark,482,Groceries,391.2,South,2021-10-15
7f2af082-13a0-459a-b2dd-e9315bc6e060,policy,143,Furniture,125.72,East,2022-04-11
98ef4f72-c03d-4797-bd42-49b66efef93a,word,845,Clothing,339.21,West,2020-12-01
fbc26bd7-cbe6-46bc-9c3b-583569620b44,stop,830,Electronics,433.14,East,2024-06-29
2aaebdac-0cf1-4218-82c1-6057c289d295,hair,731,Electronics,227.81,West,2021-05-21
ff680734-a189-4bd8-95ac-e4a63632767c,fall,248,Clothing,525.14,North,2020-09-08
093c7b12-e43d-4671-ae7f-aa8b52a989ba,woman,579,Furniture,872.91,North,2020-04-03
c74f11f9-a2d6-4faf-850a-c27d5c67c786,election,854,Electronics,666.21,North,2022-12-25
121fafe5-1532-4c5f-8710-a86767a3ceaa,author,375,Clothing,567.24,South,2024-03-08
85bdb56d-18b2-4b4b-b267-942d3823818d,reason,498,Groceries,813.71,South,2020-07-12
90e2537f-3dae-442a-889e-f4a9211973e1,itself,456,Furniture,837.47,West,2022-06-30
c8c5e4da-6722-4f88-a8fa-b8bf67bfd906,standard,702,Groceries,878.13,East,2023-03-10
7b770acf-e877-47cc-9ab1-7dfa9f83a573,team,904,Clothing,189.82,South,2022-06-24
4c90d021-871e-4d4f-a765-f0d93caea818,dog,633,Groceries,920.04,West,2022-10-23
85240762-5faa-49ee-bc3d-76861a0acf65,out,746,Clothing,495.96,South,2020-08-19
faeb71d5-e0fa-4903-8e94-25ce339f9019,change,50,Electronics,176.79,South,2023-11-25
34b4b0cb-3195-4ffb-9d0b-7a6fd670cdb9,such,636,Furniture,994.24,West,2023-06-08
2bfc7b5a-65e1-4429-916b-f19a59f9a86f,hard,408,Furniture,555.02,North,2021-12-09
f2cd10ad-8711-49c2-8009-adc0f80b5921,seat,890,Electronics,27.18,West,2023-05-02
ecf31ca1-b9ae-4e39-92ea-ec2414d5283e,accept,132,Groceries,113.06,South,2023-12-04
6c4b07a8-7a96-4675-91ae-688ecd44dfef,radio,944,Groceries,880.37,East,2022-01-17
970ea88c-7aac-4377-82ec-e492880d42f5,relate,305,Electronics,737.76,South,2024-06-13
adf11885-991c-4903-9e76-60a6997abbb0,fill,662,Groceries,203.13,East,2020-04-19
56b94d03-fa11-490c-b463-cac7c4afad3d,culture,393,Groceries,886.12,North,2024-12-28
09cc9855-fdeb-4f80-afe9-9ffb9c0821b2,friend,351,Groceries,88.92,North,2020-01-22
96ca8af3-3f49-4d6c-8f90-130008f0b85e,commercial,329,Electronics,176.56,East,2020-12-23
7d8e03b9-94c0-492d-be11-f8745271d52a,protect,694,Furniture,593.05,South,2024-10-18
e05fcf48-dbaf-4af5-9a9a-1c7745bb446e,ten,545,Furniture,630.06,West,2023-07-05
61129f8e-efd2-4f44-a40c-d108340fa00a,hit,599,Furniture,576.64,North,2024-09-11
8b906705-4b57-4cf0-b21e-ef1d65ab4887,week,139,Electronics,834.45,West,2025-03-06
7aa9ef54-209a-4a39-8759-8e26e2e46d0a,beyond,422,Electronics,18.3,South,2023-12-25
9c002d64-b7e7-4903-9939-3d1943c0efa6,shoulder,370,Clothing,446.2,East,2025-01-11
39227810-2cc3-4e00-8409-03fb9eb59832,mean,451,Electronics,390.14,South,2021-03-08
7d695dab-757c-415e-a836-c73fdf624859,end,883,Clothing,844.05,South,2021-06-27
dd20f8c2-4668-40e9-9ded-b3f4aa492ebb,artist,259,Clothing,904.33,North,2020-01-27
b78dc0ae-f38d-46f2-b50c-03c7fc59f8dc,court,865,Electronics,152.75,West,2022-02-02
ed2dd4b1-03aa-451c-98ed-b456d28e87d1,election,275,Groceries,547.43,East,2020-10-23
04fddd91-ed48-4ef0-aef8-db0d8bd98357,discussion,535,Clothing,879.72,South,2022-01-08
95e8e080-2be1-4a2b-9636-0c646fe0cf0e,available,895,Groceries,23.05,West,2024-05-21
a670a9ee-d216-4dc6-99b5-463c64d6fd78,our,848,Furniture,557.97,West,2023-07-18
a09ce92f-3e3a-43a4-861b-1700e3859ec8,prevent,329,Clothing,518.76,North,2025-01-16
219ce078-0bb0-439c-8549-30600ab106a9,deal,345,Furniture,437.45,South,2024-12-08
69521a82-0302-4854-93b8-a98aac82db65,true,400,Groceries,709.99,North,2021-03-03
e4db311f-4591-4ed1-9132-e4a1de3a22e1,reason,15,Clothing,817.24,East,2023-02-25
4cdb8bfe-78df-4c93-b92f-2210c104823d,just,57,Clothing,551.12,North,2023-05-04
77ef3b27-ad49-4e3f-a7e2-d130bb7b9525,later,23,Clothing,783.9,North,2020-03-29
0aa381d7-bb43-433d-b113-f3a81790231b,range,861,Electronics,528.77,West,2021-12-13
a6ee6569-9aa8-4d81-ae01-a1d99780e7d1,require,933,Clothing,757.16,West,2025-01-19
bc2e85f2-ee2f-4972-884b-6f33da65e7e3,animal,65,Clothing,286.48,North,2022-01-20
fb35de36-2e81-4916-9f6e-b3b7ac4b5434,state,141,Clothing,265.62,North,2023-01-12
2935485d-2962-4a1a-ab61-83c58b7c818e,probably,137,Electronics,447.59,East,2022-03-15
ea6adcd9-a638-4878-8071-0f5887d33074,share,406,Clothing,580.42,North,2022-02-18
ea78a295-33da-4568-ae1a-1a2425aa8cd3,me,325,Furniture,587.38,West,2022-04-16
5a3d8beb-a5ad-4106-bf79-c78f5db586b1,worker,991,Electronics,769.44,South,2022-05-04
860cdea4-f447-494a-9562-b8b83b413722,available,835,Clothing,669.73,West,2022-03-14
4593c2f7-79cd-4874-8a24-aaca9e60688c,prove,625,Groceries,944.49,West,2023-01-10
f40c4832-c0ef-4bc8-a44b-36f0c0d905a1,image,23,Electronics,224.82,North,2024-11-09
7322938f-b2e3-41a4-ad86-dcac9fe13e58,store,417,Electronics,873.32,North,2024-05-24
de2d8fce-32aa-4159-9749-088e0f9a3c17,including,123,Clothing,762.06,East,2022-12-06
45d5b9d1-6bef-48aa-8d43-8318a3685130,day,516,Furniture,549.66,South,2023-04-14
f8d2de03-f40a-4387-9016-a6aebaef2fd5,arrive,712,Furniture,479.14,North,2024-04-18
a5ec63b8-5749-4215-8d6e-24270c9ed76a,soldier,972,Furniture,798.69,West,2024-10-03
158d4fa5-401e-4e3f-a9bd-5d11c24fefbc,ability,651,Clothing,587.9,South,2023-03-14
3d5dce6d-b229-457f-9ab9-e38c4d1b8471,close,317,Electronics,672.4,East,2024-02-28
f8c208b0-06c5-40de-83b8-aa9da6cf27c0,administration,955,Clothing,123.69,East,2024-01-28
c0ecf7ea-fe3b-41cc-8094-cf737510300d,national,15,Groceries,487.48,East,2021-03-04
2e025666-0273-40e2-acb9-3abb8e719a4f,before,318,Furniture,915.36,West,2024-08-04
71f83758-7f2c-4cff-b072-b6419f2e6936,reality,309,Clothing,936.8,South,2022-03-09
af75d344-084b-42a0-a234-735249637d82,sign,185,Groceries,609.55,North,2022-11-26
3684f4f5-2a9d-4b0b-a395-d33ddafddd70,book,387,Furniture,775.98,East,2023-10-18
c1c7da7d-09c9-404f-8bf0-30f20645c69d,real,385,Groceries,937.96,East,2020-10-31
cde349ef-fc8d-41bf-9f4a-fa0847624886,him,654,Electronics,425.85,East,2020-03-16
c5a03b0d-dae8-4b78-95fd-4a1dfebe4b4e,citizen,442,Clothing,53.89,West,2023-10-01
896ac7c1-025f-4717-8a88-6171decb9683,when,858,Furniture,347.27,South,2024-05-19
9ce4df79-dfee-436d-9798-931e7165f4bf,bit,72,Clothing,741.09,North,2023-01-23
813b2ed7-0c70-4e2d-adef-d23f5fe25379,establish,979,Furniture,165.06,West,2025-02-14
295e22c2-2a54-46ff-8acb-125d71969278,draw,960,Groceries,329.09,East,2022-11-15
64130888-17b7-4dd6-88df-07d6f54d50f2,pick,651,Clothing,882.35,North,2025-01-02
f5e6ea14-040a-4c1b-b49f-2d4b7fc55f4b,couple,733,Groceries,264.45,South,2020-09-07
57555b98-6c23-4616-a8d9-b289d9035d1b,remember,669,Furniture,612.75,South,2020-07-16
f01d3497-3497-41d8-aeff-affc30ef9465,store,278,Clothing,344.01,North,2020-07-09
dd6866b5-78ae-49e0-be45-d5053b55f89e,protect,71,Groceries,59.91,North,2021-08-18
ddf53839-09eb-405d-a359-9a832bc61d03,firm,354,Groceries,738.18,South,2022-12-06
9324bcd1-0712-4f33-9ac9-2b4ba41a0101,worker,232,Clothing,308.36,South,2025-03-24
b93c61f4-b52c-47c0-b39d-b534a7380f23,the,546,Furniture,747.38,North,2025-01-15
be295641-671c-417a-b322-4b7cc43445a7,sport,116,Clothing,476.88,South,2024-05-01
0213edbd-4e06-4471-a59e-677895b5acf0,just,448,Furniture,568.55,East,2022-09-29
40599f58-81b0-400f-bf39-f7edb6805f2a,require,184,Furniture,978.0,North,2020-05-10
af1cc617-b16c-4d04-9b2e-1d59dfcf0db9,local,577,Electronics,952.31,North,2020-10-16
a068455e-535c-466a-a445-694480ab7ea3,away,951,Groceries,508.7,North,2022-11-03
a54b7145-7c7e-4021-a3da-a5f48647017e,kind,252,Groceries,834.9,East,2024-08-26
10dec8b6-6349-42a1-b054-37a7b94178ee,there,133,Groceries,75.31,North,2023-01-26
7a0486d4-4b4b-497c-a255-fc7aae5a197b,within,553,Furniture,39.03,East,2021-10-09
9a664dae-e5c4-4c5b-a6ba-5cd23673a7d6,before,120,Furniture,423.1,North,2025-01-13
dfa9ea64-c370-4d68-8cc6-7fe5a39fe377,ago,421,Groceries,289.22,South,2020-02-12
1cc0951d-6830-44d1-a6f6-8e70243b5dcb,I,686,Groceries,420.47,North,2023-04-18
9c0421d0-7233-4a44-891d-deee9df5ef6b,stop,696,Groceries,668.82,East,2020-01-16
6444644b-df66-43fa-bde4-4891013c0ec6,appear,983,Electronics,239.81,East,2024-07-16
9c266a17-fb6c-40eb-a2d7-459b9d37a695,establish,325,Electronics,119.87,West,2025-02-02
c0b15f38-61e5-46ed-ae0a-eb4bbf0fe448,name,707,Clothing,73.8,East,2023-05-11
ae3e150e-3471-4d8b-a759-4010d0e8dbe4,check,904,Furniture,371.44,East,2021-09-11
8d8c2a0b-68c0-4363-acd2-50f4976e8471,make,386,Clothing,814.73,North,2023-04-01
84871a4e-1b71-44b0-b953-3f288c9abc63,job,734,Furniture,305.9,West,2023-03-29
abe16539-a90f-4d8f-9e6e-3b8a3cb59fa5,it,498,Clothing,61.79,North,2020-02-23
d834853a-98d0-4a78-bb8c-52b59f95ed70,house,100,Electronics,42.67,East,2020-04-25
9ce6f50e-4f6c-471a-bee1-1696202f434e,voice,622,Furniture,711.99,South,2022-02-16
0cf64120-ae65-4ec5-8ff7-648fabf256c0,recently,631,Groceries,461.35,North,2023-11-20
340319bd-790b-44ab-b2b3-3e09ddbfb9e9,seek,707,Clothing,157.83,North,2022-07-29
740a541e-5a69-4e02-9f70-8f202e923440,side,519,Clothing,544.91,North,2020-12-18
78b9a3e8-62b5-4d95-b45b-7460bfe8c6a9,where,167,Furniture,165.61,North,2023-04-10
0868de2d-5de1-49ea-836e-f441f70ea00b,relate,393,Clothing,49.0,South,2021-09-27
fe04a730-25a2-4e26-85ab-0597d37a8564,pass,416,Groceries,360.61,South,2025-02-04
e7cbe103-3f89-4c62-8f1f-607e328cb700,month,171,Furniture,605.43,West,2020-06-22
bdbaa384-766a-4e2c-b6b5-434437c7e903,positive,912,Furniture,433.46,North,2025-01-02
f82244cc-1871-43d1-9521-2a2f8fec1edf,blood,368,Electronics,352.06,South,2025-04-14
d90de0a5-65fa-494c-ad87-d969785c29fd,thank,550,Clothing,123.02,North,2022-10-13
5264928f-dc4c-4887-adcb-5164266c5ae5,southern,392,Groceries,558.82,East,2024-04-21
123cb979-a485-4e26-af3e-83dd2f9a4ae3,box,556,Clothing,529.18,West,2021-05-15
d0e2ca90-606e-436f-9569-763b461962f2,ready,893,Electronics,479.43,West,2024-01-24
183d4079-da59-4d05-819f-ec9b99651afa,cultural,980,Groceries,858.13,East,2023-09-16
fc69b478-73cd-4891-9e44-941ed12e0550,laugh,646,Groceries,36.99,South,2021-11-09
6b3777d0-c37e-48c7-b026-df25df112ee1,baby,397,Groceries,889.14,South,2022-02-25
086ee6ed-1372-4ad0-ab96-cc001af4b856,fire,625,Furniture,176.6,East,2024-03-12
18d20dc8-5001-4307-b64a-42c5ae72a712,six,463,Electronics,212.88,West,2024-02-28
0e389085-4da6-4b5f-b909-132210021e2f,impact,189,Groceries,152.12,South,2021-12-10
55662bff-80e7-4c57-b0cb-a8f1a3926cf6,themselves,491,Furniture,471.84,South,2020-06-22
ea82e0b8-74c3-4ca9-8e06-791b88d0b123,two,256,Furniture,876.51,South,2021-05-25
f446d695-346b-4388-aad7-b11c0bfacd93,wait,532,Furniture,139.57,South,2020-05-17
0e6d172c-d321-4074-acf9-48352bb5fbf1,society,102,Groceries,311.75,North,2024-03-03
027c99ec-1ce9-4855-96f7-328c9ebb128f,smile,224,Electronics,649.28,West,2021-06-20
06d62eb8-55e1-4e0c-be13-7e64050b12b6,than,205,Electronics,617.54,North,2023-11-22
53337d83-d0af-47c3-809c-fd43b6633858,her,611,Clothing,278.48,West,2024-12-08
cf6d2327-b4ff-49dd-8eff-e8a24747ebe7,her,973,Groceries,387.09,West,2021-12-05
da174b12-b16d-4510-a08f-efe8230784fa,building,208,Clothing,560.15,East,2024-01-08
a205aa1f-5a04-47b3-9bba-d85a9e0cade8,difficult,687,Electronics,61.37,West,2024-11-14
f675534c-7e4c-49b8-bd70-bef9f6d3a607,bar,645,Clothing,585.17,North,2020-08-02
ac0deafb-0aad-4d83-ba2c-039e0abe1b78,south,134,Electronics,406.36,East,2021-09-15
97ad0f35-068b-40b1-9cbc-11b274fa5d8d,member,980,Groceries,534.39,South,2023-03-13
33b12038-8add-468f-81c9-fd6e6440604c,yourself,645,Electronics,890.55,West,2022-11-20
5406cc68-51d4-4adb-ba2b-2a4f84b0447d,here,80,Groceries,717.08,South,2022-07-09
51bc9679-db8f-4d07-88e8-91fc2e893ba1,education,377,Electronics,170.62,South,2021-10-18
a9a011e3-23b1-40b9-9127-c77ba24a9c16,word,616,Groceries,890.48,South,2023-08-24
c13e5df6-9ef6-4d88-ab30-e913178990f1,large,396,Groceries,27.45,West,2025-03-28
fed65868-6492-4d10-af6f-14e3fc5e92be,successful,699,Furniture,408.27,West,2023-06-13
c57eaa4f-c181-4e3f-9b6c-829769c19744,power,700,Electronics,842.77,North,2024-05-13
f7ca9057-d868-46f7-be98-3d2f1301ccc0,back,703,Groceries,69.97,West,2020-01-10
5f4cc575-90bb-4454-a3f0-8cae3299a6f1,sit,254,Groceries,450.39,South,2020-08-28
fc6724ab-7e2c-4a90-97dd-5694a59f7f58,get,432,Groceries,833.6,North,2021-02-09
6bdfb547-6dd7-4084-969e-ffc97cff20af,rate,93,Furniture,490.65,South,2023-01-24
2444fe9c-3dff-40cd-b474-fdf1bd79589e,image,591,Furniture,490.16,West,2021-07-17
f34c3ed6-d36c-4411-ae59-a8ef308c04bb,as,930,Clothing,573.24,West,2023-08-03
9f35ef01-ed87-476d-b41e-54157ff0d7fc,night,895,Groceries,957.2,East,2021-11-16
252e54a6-9d48-4074-bb8c-fe06ab89ca31,national,551,Furniture,975.37,South,2024-02-29
7b974771-ec68-4c64-aa28-815581c28d01,new,830,Groceries,372.4,West,2020-09-09
d83f9dba-40b0-4516-b6f2-c270b212ec02,serve,510,Furniture,426.02,West,2021-05-31
19f846bc-2187-408a-838c-a1b3d5f7ab72,stay,521,Furniture,110.68,North,2025-01-22
b6380beb-2607-4b90-bb54-f1f6d3f41875,support,782,Clothing,309.73,South,2023-10-28
1c1c6db5-72c5-4067-a522-604a68c37d31,wind,427,Electronics,693.36,North,2020-11-15
4c45a631-04ab-4988-bd93-d9d129476213,low,365,Clothing,893.1,South,2022-02-04
6a1a94cd-127d-44ca-97bf-3b07a988b3d1,nice,988,Furniture,557.69,South,2020-05-04
8c4601f6-d565-4b92-a6bd-ee6b7465aac8,reduce,849,Groceries,317.98,South,2023-11-09
906ff22e-4ded-4caf-bad1-91647163a146,second,442,Electronics,120.35,North,2024-12-26
fe4b1a59-75be-47f3-942b-52dc36372383,above,417,Groceries,407.86,West,2023-08-23
74541dbb-1a15-45ad-92ec-4afa9a7c870f,skin,7,Electronics,7.6,West,2023-02-21
3df7c7cd-2363-47c4-808e-0436f0299541,successful,345,Groceries,148.48,East,2021-02-18
03202fa5-8126-43db-8725-2b51643edcc8,speak,642,Electronics,158.83,East,2024-10-14
88eab72b-7c89-4104-9910-8cef9e8cff27,decade,500,Furniture,425.96,North,2024-03-02
24d0f5f3-e414-4bb7-9d0b-34844191b256,music,802,Groceries,297.05,North,2022-09-01
f48b9a16-78be-4890-b1c9-72089868e3e1,story,65,Furniture,769.38,South,2021-02-16
86fcc933-7a2a-4e50-8d1f-2a6b5b71cdfc,ground,395,Groceries,65.98,South,2022-08-19
147c024a-a3aa-4367-ac68-461e760c4788,marriage,434,Electronics,962.74,East,2023-11-05
7110a1ed-1913-45f8-87af-ad8aa009b16f,talk,640,Clothing,251.32,North,2023-08-11
9e4f60be-c16f-4e21-8fa5-183d42e3771e,prove,989,Groceries,544.73,North,2025-01-31
63f36e36-87a5-47a9-b5f2-a5cbddf43abc,over,462,Furniture,32.57,West,2024-07-02
9ca2deb4-d5ae-4f11-b967-4f1c8913ad5f,drop,298,Furniture,234.35,South,2024-05-17
a1da455d-a0c9-40f6-80a1-376338121875,history,298,Furniture,702.08,East,2022-12-13
084b5ce4-677d-467e-b603-147d8590baa7,too,760,Groceries,846.47,East,2025-02-28
64a6b5ce-2cfe-486d-8241-ca40e71682f1,what,117,Clothing,645.03,East,2024-05-09
215829fb-3c26-41f9-b41f-a5f0e53aae13,school,138,Electronics,71.3,East,2022-09-05
371d5e09-14c6-467b-8f41-5542178b7ee1,despite,969,Electronics,258.68,South,2024-10-05
7419cc93-9ece-4ce0-a65f-6e16bc7b2bcb,matter,721,Furniture,787.21,West,2023-12-20
a00237a9-2a49-47a8-9ccd-9d87222e112a,family,762,Groceries,186.9,West,2022-07-16
8354dab0-0737-43b0-97cb-735ff4279b7d,college,27,Groceries,532.6,East,2022-12-01
0636c84b-b727-4ba7-8240-59d03aa52571,design,219,Furniture,774.58,West,2022-05-19
a965b15f-8c19-4dfd-b8ab-336f9489e881,rise,468,Electronics,320.0,East,2024-10-13
83e0f19f-35bc-4043-9146-d66d7a6da988,general,639,Groceries,852.53,West,2023-04-10
1eca6ca1-f35b-4e8f-be8e-412b0b515ce6,reveal,39,Groceries,712.88,West,2020-04-07
11572a7f-a3b3-4a37-a506-59a4386b1e6d,worker,411,Electronics,600.18,South,2022-07-06
da6c5b0d-71f9-488c-b35a-1d83df485d51,notice,692,Groceries,418.7,South,2025-05-09
9095b308-ff23-4c01-9f0a-099eea8ed4ff,bill,469,Electronics,806.6,North,2020-02-06
d67bd3ef-7328-4474-a2b0-64f2feff60fe,action,7,Clothing,236.28,West,2024-01-09
d93e7e52-9a76-49e6-883d-a698b9ed5e52,trial,644,Electronics,748.01,North,2022-07-17
4afca922-b575-4f2b-be33-3de3ac12bc16,use,354,Clothing,602.29,North,2025-03-27
112e4258-300f-49f3-b538-53ea358445de,walk,557,Electronics,523.66,South,2024-09-01
358536b7-70b5-4525-aaef-ba7c2cf8cccb,model,946,Clothing,546.98,West,2021-06-27
0ba944ad-8ffb-4667-9f81-aa3c8c4087c6,drive,705,Groceries,944.03,West,2024-12-30
fded6ab6-4178-4e75-8d9e-a04981417e42,once,952,Furniture,799.95,North,2024-02-24
7985c93e-60f2-4302-83cf-a194c268d5b3,miss,131,Clothing,241.83,East,2020-09-15
4fa16b54-8e3f-4835-9b17-708fac5302d8,compare,494,Clothing,247.66,East,2023-03-11
d3450865-b62b-49f0-937c-c45b7f5e2da6,media,837,Groceries,105.33,West,2023-04-04
17ba1edf-f384-42a8-857f-f5856638ff00,hospital,200,Electronics,154.01,North,2024-03-23
8dbb1ad8-5af7-4791-8dd9-6bc453b3581c,radio,813,Electronics,463.63,East,2023-03-13
7f98420f-ac44-4823-bb26-89bd4f0ffbf7,learn,282,Furniture,482.96,East,2020-03-16
04b62718-f72f-4b53-90ed-86bf965e2d2a,no,348,Clothing,433.23,South,2020-06-07
d3b68ddc-5f9b-4103-8b9a-74f623d00115,author,523,Electronics,221.85,South,2023-04-01
c36ac5c2-cc79-4708-a3e3-da0de50f78db,defense,688,Clothing,809.34,East,2024-04-22
1178f6a9-d7b7-45a9-b4fe-a8fc357184a8,artist,775,Clothing,744.68,West,2021-09-29
f78fc01a-8c5b-413a-8f9d-2911c3dcb782,ask,31,Groceries,285.34,South,2022-01-29
9071a68e-3c8a-4c21-b307-9460a9d49246,like,937,Clothing,591.23,West,2021-10-04
791429b7-a318-4d38-9210-78113ea4b89f,soldier,598,Electronics,245.75,South,2024-09-05
21105172-0120-46ea-b882-64b1ac7fa20b,ability,283,Groceries,773.75,West,2024-08-25
9ea863c5-6a9c-48ce-942f-b8900883cf14,special,625,Groceries,715.38,South,2022-05-10
bcbc6e3f-a460-490a-95b7-f5448bcdcf29,serious,208,Groceries,692.13,East,2022-10-24
ad3b907e-1bd7-4860-ab34-897d3e9619ef,impact,842,Furniture,114.53,East,2023-12-29
58c675ef-43d2-4326-952d-19cf516dff9a,agree,755,Furniture,438.12,South,2022-06-23
fb25a72d-5163-4d51-8cec-059c4fc9e938,speech,320,Groceries,164.48,North,2020-07-02
2832c063-057e-402e-91cc-c5393e823be7,discover,711,Furniture,591.06,East,2022-02-05
67ddf078-0b6e-4c03-b97b-2f0d0f50531c,network,267,Clothing,276.87,North,2023-08-29
46691dc0-c985-4ab3-bbca-932587602f5f,create,506,Clothing,311.92,West,2022-08-19
49d19109-e888-4ef1-bf91-f01dee6e7a28,somebody,456,Electronics,729.11,North,2022-08-16
b4c71829-c8da-452e-b39f-86ca67578d3b,animal,323,Furniture,26.25,West,2021-11-21
10a5717b-2d29-43e4-bee9-7ab96a3c73c1,huge,150,Furniture,59.59,South,2023-04-06
07c73e23-50d4-429b-b03d-1749580adead,street,688,Clothing,137.87,North,2020-06-23
60456219-3e9d-4c89-b766-129ea2fe6e6d,medical,840,Groceries,576.03,South,2020-12-16
4933b4db-01e7-47ce-ad59-303a678370c7,church,177,Groceries,672.5,West,2025-03-12
ad802b99-22df-4766-a928-cdb1e038d187,any,62,Electronics,527.97,West,2025-01-07
116f55ab-939d-4873-bdef-ab8e315509e9,enter,7,Electronics,175.54,North,2020-07-17
d1b8837f-a9ad-4f88-b6c7-2fdb70850461,issue,390,Groceries,980.34,North,2021-12-04
2a6b0d12-071b-4a5c-89fe-90dd69ba436f,take,325,Clothing,937.54,East,2025-05-06
24a28c87-4af3-4a92-8d7b-cc93b0b0555a,whom,981,Groceries,354.35,South,2021-02-18
2edf7e25-c3dd-41b5-8726-2d0c59f0c731,bag,728,Electronics,533.99,West,2020-07-04
371622d5-da71-437d-88b9-2d6294250615,another,983,Furniture,798.55,West,2021-05-08
fc9be979-1a81-4b90-95d9-4dc12850c783,car,253,Clothing,947.63,East,2023-08-08
4b7ac9ec-5c00-4514-97f8-3bc913554031,newspaper,724,Groceries,260.26,East,2024-10-26
998e8976-0cf3-428d-aaeb-9266b84408cc,heavy,94,Groceries,776.63,North,2024-10-09
ae715049-94ee-4720-b239-7a374b8439aa,leg,541,Furniture,539.82,West,2021-09-08
280b6c41-e3a8-4f5c-9f22-57b070c90dd1,when,188,Clothing,24.48,East,2023-02-09
a41bbfb6-b65a-402d-9f6c-1b209869eaa8,air,843,Furniture,13.55,East,2020-09-13
390c85cc-df7e-44b2-bb1d-a31cba7217b3,cell,28,Groceries,884.89,North,2021-11-24
0392d4c4-e118-442d-8530-383d07a7b150,international,213,Electronics,289.7,South,2021-09-01
dd9c7222-21e4-435d-a57d-fb2cda175d01,protect,347,Electronics,355.18,East,2024-10-07
2268e168-237a-4eda-8c1d-26b808865aa7,red,363,Groceries,963.32,West,2024-04-22
ff7206c5-a9f7-4bb0-90c6-6ecf762ec4c9,bit,674,Clothing,906.46,South,2020-04-20
d03048da-2db0-4351-b37c-0d1c746e8f23,short,557,Electronics,690.37,North,2024-02-10
24123d9e-630a-4752-89ff-4012afb8f3d3,type,902,Groceries,995.85,South,2021-05-05
c65e06a9-a15c-4037-9ce7-96aaec7cbc56,skill,113,Electronics,390.57,North,2024-12-05
9364db96-4461-4a8a-9160-04daa6e6c896,set,418,Furniture,710.06,North,2020-06-03
98f98063-acfc-49ea-a277-4f6eee104aae,material,823,Groceries,379.38,West,2025-02-09
81f78b72-d6df-4651-a6f3-4d3d548123a6,station,388,Clothing,61.84,North,2022-08-25
cdb53b5f-b5ee-4518-bb91-f9b0237897c6,western,710,Clothing,254.65,East,2020-03-25
76b84379-61cc-4946-b8b2-8c46e84c3c35,investment,506,Groceries,841.91,East,2025-03-15
21e67a27-d6ae-4333-b665-14fb6e2b5c01,call,781,Electronics,308.8,South,2024-10-18
97a42c71-7b34-4482-96bc-feef5138c75d,just,212,Groceries,29.31,North,2020-05-31
bb5aa527-d210-4c7f-8e6a-3c20147bae85,just,875,Groceries,623.59,West,2023-09-05
95b40164-7395-4d66-b3ce-664e7fdda2d6,of,516,Groceries,568.46,East,2023-01-25
e0c97600-900f-4eb0-ad73-16a5294f9a3c,else,708,Electronics,460.99,South,2022-09-11
e4fb6bcf-89c0-4c7f-babf-c0a340271a39,recent,825,Furniture,617.73,North,2020-07-29
ec0ee33a-72bf-4b33-82b3-ad2058726e94,money,94,Groceries,533.7,South,2024-11-22
80c11f80-c366-444c-8147-8bcd8f7e12d8,who,483,Groceries,822.09,North,2024-01-19
695214fc-3dd9-44f0-a2f1-1d85bc1cce68,central,746,Clothing,620.63,South,2024-01-20
e53e4890-0e03-4d8f-a727-4618f98c58d4,ok,715,Groceries,824.91,West,2022-01-23
583497bc-63a6-47d1-843d-7e4115b21945,reduce,154,Furniture,417.76,South,2024-11-06
6daf70d1-0279-471f-a546-71985e6be869,case,769,Furniture,707.68,East,2021-03-28
340dc9a9-2df6-4e50-94d1-89014ee41357,general,472,Groceries,772.89,West,2025-01-30
4deb3977-286c-46f8-92bf-e8c159fb5616,evidence,838,Furniture,357.76,West,2022-08-30
4491fd17-6a7a-4c2e-8093-5873591a08fa,very,923,Electronics,175.78,South,2023-03-16
ab25697f-a205-40ff-8d29-a9ac56318566,away,686,Electronics,956.62,South,2022-07-29
38f3800e-4b0f-40bd-93ef-cf23e70b35ce,your,464,Groceries,875.84,South,2024-12-24
4cc52e9e-02f4-42a0-b31e-f8755a55bbad,entire,190,Electronics,410.95,North,2025-01-17
5f39725c-10ef-4b4c-9002-e3bfbe8833bb,tough,495,Clothing,945.13,South,2022-11-09
647b607b-56b7-4c45-868e-ea6c6de9b88b,benefit,500,Groceries,796.93,West,2020-12-08
705a1450-8be2-43a3-ab8f-9330b499ae67,treatment,649,Furniture,228.18,West,2023-10-16
5e0a9ae6-45f9-414f-83a0-638bdc069d50,under,255,Clothing,557.94,South,2021-03-20
7a3ef65a-f22f-4f8c-b240-aa191eb36784,sound,860,Furniture,62.01,West,2023-11-27
537a2bec-5c49-4a62-ab65-d3d538891268,here,304,Electronics,333.25,North,2024-08-22
a78f1ea2-cade-4051-94ef-0df12f0204fa,describe,842,Groceries,135.58,West,2021-05-29
e59cd184-2cc8-4f63-9c9b-a7c7d6b23f27,degree,647,Clothing,656.0,North,2021-03-10
b7b74371-cbd0-4ef6-b969-ff5dbffa779c,almost,385,Electronics,45.16,North,2023-09-11
e7939a65-2377-4312-8c31-eccc5da8ab1b,stock,967,Groceries,216.32,East,2023-10-07
4ff444d3-b3c5-4b38-bcfd-f79b4bd342cf,star,880,Groceries,420.39,East,2023-03-17
2de19aad-e0ac-464d-b59b-848760968171,thank,412,Furniture,87.76,South,2023-01-14
78111b95-2089-4c48-a045-3f48b47e4b55,provide,743,Electronics,320.13,East,2025-03-15
d5da33d4-85ed-43af-a613-f8feee88b44b,tough,439,Electronics,448.22,South,2020-03-02
393db084-78d6-43bc-8f4f-f106dd8116bb,officer,687,Clothing,409.97,South,2021-01-26
36818ad3-ba59-40c4-a6d5-1cb87a57b1ff,skill,78,Groceries,241.89,East,2024-04-17
1069fda7-0746-411c-b32e-e6ef0e055800,seem,677,Groceries,130.05,East,2021-07-09
76c71e19-1359-44aa-bc23-91d1a0ffee2c,rest,336,Furniture,466.87,East,2024-02-20
2d514f32-2023-46ee-9a0a-84819c4fe256,information,84,Clothing,250.86,South,2022-04-06
023c1e77-6a2a-40a5-a8fa-810f04981e9e,fine,475,Groceries,298.2,North,2024-03-27
9f225526-9049-40e4-8706-5e3e9c2e4952,seven,947,Electronics,326.92,West,2020-01-04
99ff0107-c5f9-4425-8d1e-9e8de1685db8,black,130,Furniture,885.62,South,2023-01-25
4a9eb25a-e81b-406b-8aef-3bc856fa2aae,suffer,309,Clothing,398.1,South,2021-03-04
232e0f8d-07b6-49d6-bf7f-ff659dd8766e,identify,65,Groceries,63.6,West,2024-07-17
5f8d25dc-3196-4ad9-8f06-97a680f5380f,appear,224,Groceries,853.16,South,2020-04-22
4e70728e-439f-415e-ba25-374b77659dd3,style,838,Groceries,918.44,North,2022-05-28
2a58d43d-add4-4438-aa76-040b7f7a0c93,figure,120,Clothing,251.22,North,2023-02-02
6ab5d85a-d89c-48cc-9e64-8e0b3926a565,imagine,801,Clothing,396.71,North,2021-07-02
4ce2f30c-09eb-41ad-a412-00f08fdf2e4a,daughter,479,Furniture,407.83,East,2020-03-18
274a8888-bef4-40f9-bb45-e82ce3ee0f86,body,773,Electronics,958.35,East,2021-05-04
5bbdcc05-773d-47a5-9e7f-29fb275b9a62,six,478,Electronics,411.8,West,2024-08-22
710c8f51-f9b7-4f4e-84c7-db1955824c25,rich,597,Groceries,307.73,South,2023-01-15
ea745abb-c57d-4ca1-addf-b3dd03978b04,list,592,Groceries,167.38,East,2020-05-02
ea5e323f-e77c-429f-b4f3-ecd8a964d03e,rather,448,Furniture,558.35,South,2021-01-08
1a0f3bb0-0f42-43d2-933b-19ff02a1d8ce,film,262,Clothing,887.43,South,2023-07-18
32ae482a-cd5f-4a79-ae50-cc361ab9bbef,capital,854,Clothing,60.84,East,2025-04-26
902e9c01-4e16-41a5-8404-96fc3fdf225e,worry,483,Electronics,565.09,East,2021-06-12
5a87e1c7-86aa-49ad-991c-6945808b3faa,production,83,Groceries,569.01,West,2021-12-16
815fa04c-f119-4118-ba2a-87ef00ae0a3e,us,640,Clothing,69.65,East,2021-03-08
01423bf9-8f19-4d85-8670-ed4528270a4d,both,527,Clothing,208.99,West,2021-02-18
045fb855-0df4-4820-9f7c-bfc693c07abe,lay,375,Electronics,253.14,South,2023-05-25
b48c64e2-a206-4a32-ae6a-a0f16167ef49,most,787,Groceries,98.38,East,2020-10-23
c691a6fc-5269-488c-bf81-5993d0573d65,cell,265,Groceries,140.99,South,2021-12-31
c365d9dc-cdd7-4c57-bd9b-ab6dbb577956,north,847,Furniture,706.37,North,2023-02-21
0fd340d2-3e1b-4b6d-9b73-9c2e6cd39f25,travel,564,Clothing,756.46,East,2023-02-15
edf422fa-3c8c-4e1f-86a1-605cbfabb70e,how,442,Groceries,397.83,East,2021-12-04
44fd021b-b8e2-4b3a-9bfd-5e35dafa4dda,economy,215,Furniture,165.11,North,2020-06-02
e1463613-c11f-4bff-bc5e-0eaa5b79fbc6,husband,773,Electronics,376.34,West,2022-06-27
a24ce992-9867-4aed-8020-8ba5e84aac91,note,71,Electronics,475.41,South,2023-05-04
b9581b8a-9072-41bf-87e6-7174a87050de,fact,673,Electronics,649.66,East,2024-07-18
20c714c7-5485-457f-a123-1ae360f05a15,interest,747,Furniture,305.55,East,2022-03-10
fb8e5d57-2cf6-4d5e-b21e-827107ee1fb6,property,426,Electronics,800.44,East,2022-09-20
5da753f1-fe18-4547-ac4e-69add7ed6ea1,speech,303,Electronics,664.16,South,2025-04-28
e2f065b3-a80e-42a5-92ab-97a0d6cb74b4,sell,466,Furniture,21.49,South,2021-12-02
be4edc46-f61a-45d8-bfb2-71b17e9e258e,prepare,864,Furniture,889.74,North,2023-08-18
ca33c8c7-e16c-4bd0-94f6-734550582367,south,498,Clothing,755.02,North,2021-06-03
b301d99a-93aa-42c2-ad72-d04ea10fd0e1,customer,624,Electronics,934.33,West,2024-04-20
9cc91455-ee1b-4ce7-965f-b03a35e4e993,happen,408,Furniture,987.27,North,2021-03-15
a082b155-f48f-4914-b1df-2f10ff77c2ff,marriage,588,Clothing,626.73,South,2022-07-02
6434a6c2-e826-48e5-8052-72c02bbf9cca,letter,918,Groceries,934.23,East,2025-02-16
19fb6719-c24f-472d-88eb-b2e382209edf,so,795,Furniture,563.75,North,2024-03-13
89474cee-fd42-4fb0-8857-34143b77045d,couple,841,Furniture,231.77,South,2024-06-30
c7342c1d-18c1-45b9-8226-e706f3729591,first,820,Clothing,245.23,South,2024-04-20
f820c7c2-00ca-437b-aa3a-38a315e6129b,check,182,Groceries,360.67,East,2024-10-02
1a70f860-f9f8-49dd-b618-5d9221da4fc4,upon,801,Clothing,378.01,South,2020-02-07
963b3dfa-2b08-4b5c-a16b-c44530bb2ebc,but,758,Furniture,999.65,North,2022-04-22
605aabac-04e8-4a39-9df5-e0fdcc658fc3,room,613,Clothing,757.92,East,2022-10-23
0d9b4ce5-0ab3-49d0-acd4-56d0baede154,tax,422,Groceries,831.43,North,2024-07-26
0eb142b9-1f30-47a2-ac9b-1761486764ef,property,392,Groceries,191.14,North,2024-05-11
855fea9a-63c8-491b-86c0-3ddd6503642a,college,957,Clothing,153.28,North,2023-07-06
a9878688-aa92-417f-bab5-49e4c521d010,left,272,Groceries,336.28,East,2020-01-10
3f1c06b5-fe40-48aa-9c20-8ce63870bc01,idea,513,Clothing,438.86,West,2024-11-28
7a91fef4-c62c-4b3d-a71d-c7f6d231e7ff,price,172,Groceries,865.57,South,2020-04-17
a29361dc-a341-4ffe-b07a-c56e5fbf0a3d,eye,967,Clothing,575.88,East,2021-09-08
d8fe1950-dbcc-4529-b64f-b49908deb164,serious,590,Clothing,15.26,North,2024-01-28
b2a42687-72cd-4449-a001-edf73ce6bcac,recently,898,Electronics,497.0,West,2021-08-24
4f0df87d-ce6b-4bfb-a547-554a79b7d56b,happy,128,Furniture,76.22,North,2025-03-30
9dfc5b74-1217-4403-9de4-97348896c686,month,75,Furniture,472.52,East,2023-12-02
9ce842dc-3664-47a9-8334-b58cd41e63dc,economic,706,Electronics,404.69,South,2025-02-26
39e22c15-b525-4ade-883f-2a0ab7fd540b,party,626,Clothing,972.0,West,2024-01-12
5321dce4-4360-49b7-a24d-259e1c7da0fd,sell,160,Groceries,648.32,West,2020-10-05
c6319ca9-6b64-44a0-8693-4faa06ba30dd,special,995,Clothing,355.03,West,2020-08-14
dbe96a66-d141-4f99-965a-87a5af0af595,cost,303,Groceries,61.07,West,2020-12-04
1ff53da8-5eab-4e1b-81ed-8126631a47b5,fact,413,Furniture,21.31,West,2020-09-25
4fcc1684-ac99-486b-86fb-6e5ed24d3199,imagine,736,Furniture,978.79,West,2024-04-22
432b5008-2529-4d58-a874-9229c5fd098d,growth,112,Electronics,515.79,West,2022-03-30
3b910178-1cbd-4a5f-978c-76811e23d6f2,run,241,Groceries,461.2,East,2020-05-01
c3d0bf7c-abca-483e-8afb-757c613eac71,start,244,Furniture,46.63,West,2021-02-19
d83c5a95-30ff-4f46-8ff2-9ba73fb33ee1,conference,494,Electronics,752.98,West,2023-03-04
7ad19aff-898d-4f62-9e4f-2226cbb1d292,friend,151,Clothing,285.8,South,2024-06-13
7b02f981-5207-43f6-9234-654da10aaf0a,minute,411,Groceries,116.5,South,2021-01-25
482f3d88-3013-4574-bcf4-4dc45d3dcdb3,particularly,606,Electronics,740.74,West,2020-08-30
583f9ab0-c706-49dd-b8b2-756de5826435,feeling,811,Electronics,585.51,East,2020-10-13
a905331e-2a69-4dee-bd10-c0ea5e95887d,by,66,Clothing,873.59,East,2024-08-25
7840a385-4ae8-4ee5-bc2a-f77afa46213e,television,880,Groceries,23.05,West,2022-04-27
5a365eba-00a1-4b03-ae79-597b0fb8500e,company,972,Groceries,714.23,South,2024-04-27
1e1b7d36-2320-4e86-bc26-bf055b7af4ca,south,710,Furniture,766.8,South,2023-01-25
bf6ccd10-4dd7-4a0c-a6eb-6f72b0c2114f,well,855,Electronics,360.83,South,2023-10-15
d7eb63e7-149d-4d85-8efa-c81b25c8588b,bed,889,Groceries,321.5,East,2020-04-22
22d1e0b4-6269-487c-9fb1-b1c3d33ff24f,education,308,Electronics,749.34,East,2021-05-25
2bd518de-8fbb-48b5-bdc6-e2a0e68a2cf0,lay,320,Electronics,945.77,West,2021-04-21
f9128193-197d-4ba0-9816-e9c6926598cb,commercial,340,Clothing,835.45,South,2023-11-02
7c75f9d6-113a-468c-940a-df8c507a1293,but,145,Furniture,182.73,North,2024-04-07
1afcf0a7-5e9e-4203-b420-a355fb496a54,radio,634,Electronics,432.2,West,2021-10-10
8a3eed10-6eb5-4218-8f53-c8c2bd88db0a,nice,295,Clothing,358.46,West,2021-02-24
41441512-879a-436b-8ae6-4a688baa0ade,green,511,Electronics,620.81,West,2021-08-20
e1e1baf2-75b0-47a5-b80e-320342dbfb8e,live,839,Clothing,312.28,East,2024-06-17
bdc7c44f-4ce5-46c1-89c9-f457f98b23d4,if,252,Furniture,681.36,West,2021-06-27
b90757ef-81ea-41dc-a89e-b085ec7e322a,page,755,Electronics,520.82,East,2020-02-19
214a7fea-bdc4-42ca-8896-0145b2eb2804,question,456,Furniture,152.81,East,2024-01-11
ff53e450-9dba-4357-baa3-8ff6c1e720bb,travel,993,Electronics,486.5,East,2021-04-20
ea02d3ff-bc64-4e88-b1fc-b21d03c0c2a1,stage,76,Groceries,27.57,South,2021-05-01
2ddfc6e2-3fba-4b07-885f-33019331f8a6,perhaps,80,Furniture,625.3,East,2024-10-03
2bb7c909-bd12-4a72-8616-513b607964a6,treat,477,Furniture,465.7,East,2024-03-18
706940d1-1743-4cbd-81d5-be83689fcf5b,record,515,Groceries,293.55,South,2024-05-26
0f09f892-e49e-449f-9919-dfdaae0fefbd,cold,866,Furniture,656.28,West,2024-02-29
f2de442c-390d-4fc1-9078-cd6659232457,major,386,Furniture,233.54,South,2023-03-16
1f0d41aa-48e9-479e-8707-a5976fde8fd1,also,289,Furniture,59.63,East,2024-07-04
234b4df9-c224-42ca-8f19-5c25171b63c7,recently,522,Groceries,514.16,East,2022-09-18
0cd60408-b736-441a-8579-8b1ad88b9caa,perform,244,Electronics,338.42,North,2020-12-16
3578d4fc-eb04-4924-9371-11baeabeafb3,pattern,568,Clothing,314.47,South,2023-06-23
2077da3f-1170-49ba-a81d-5b510639362f,lose,856,Furniture,786.46,South,2023-11-07
c7db9274-8d8d-4334-be50-3005e4aadc97,somebody,100,Groceries,744.11,West,2020-05-12
f1a61d8a-73f5-481d-a810-d1f553cb1754,voice,519,Furniture,803.5,East,2024-12-14
75f94131-ebf9-411e-9986-869c17856b30,believe,454,Groceries,5.28,North,2023-07-10
f97e5f8a-8314-4272-a068-c9acbfc0d6af,will,711,Furniture,47.96,East,2024-11-08
928fd826-20a7-422c-8281-446e971bfbd6,many,467,Groceries,677.97,North,2022-03-20
71ddee1c-dce4-422c-8736-7f946e53b3d5,oil,578,Electronics,857.39,South,2020-10-02
26838521-a587-4be2-a99d-df4ed36d6986,support,148,Furniture,441.41,West,2023-09-21
856de678-3628-4ce7-b9d2-1c7be305bb82,technology,656,Electronics,269.22,North,2021-11-09
9da33c8b-8fa0-4354-bc76-c13583d0e9d3,pay,218,Groceries,444.68,East,2022-03-13
7b8d0d42-a6c1-4bbc-920e-0380c1783a8f,be,428,Furniture,657.62,East,2021-10-14
602972ce-1981-4964-8279-7cf12454a65d,throw,966,Groceries,561.01,South,2021-10-20
d3e4f185-95be-4936-9248-6d04ed661f63,best,636,Electronics,295.86,West,2024-12-01
b642f51b-f28a-406f-9005-5281671fa21a,share,946,Groceries,71.66,East,2022-05-10
58e2e1d5-92a2-4808-83d6-674a9d5533ef,unit,946,Electronics,231.13,West,2020-01-18
43f08806-96fd-4353-9c37-abecafb0fa32,important,773,Clothing,235.19,North,2022-10-18
ee29cbf8-80a7-421f-93d2-bca2b87a7f6c,three,579,Clothing,354.38,East,2022-10-12
b53c7f67-60e4-482c-b33f-ea31bbe41e15,attorney,642,Furniture,452.92,South,2022-11-15
de4daa96-ab8e-47bd-be62-0eebecfc21cc,behind,966,Clothing,808.76,East,2025-03-13
4fe4cebf-59a0-4990-b2f4-aa03a38e5ce4,total,96,Clothing,244.15,South,2023-09-18
c83dbd85-2929-4a2f-ab02-979895dd6d37,left,470,Furniture,827.93,East,2023-04-04
d3d88e23-bb1b-4d33-9b56-e018d4c7c06f,represent,844,Groceries,234.52,South,2024-08-06
e725891f-ddf4-48e9-8017-3e91a3be3ec3,man,269,Groceries,372.43,West,2025-04-04
014097ca-fcf3-4ea1-84e5-0547201c3984,citizen,801,Electronics,48.71,West,2023-02-07
f315c17d-013a-4efe-9f89-c07838e9cc0b,anything,193,Groceries,596.03,East,2020-10-19
3d1ddf43-428c-4795-b98e-08ce35cbbc40,between,918,Clothing,243.74,North,2021-12-09
ff8215d2-627c-46fb-9e6a-3188ecace112,evening,991,Groceries,333.32,West,2024-06-22
faf282d6-6851-4c8c-a516-2ac893d0e51d,hard,999,Furniture,309.62,North,2020-12-02
7ac0c674-59cd-40b6-97b7-f153cf682c29,tree,931,Groceries,797.49,South,2023-03-04
3ea08c56-4c74-44ab-89c8-cda4e9cce6bb,newspaper,429,Clothing,503.29,South,2022-07-14
e4a29367-4572-41da-9c9f-f3f0a17543aa,thank,574,Clothing,276.67,North,2025-03-23
f2678b6f-65c0-4d34-8f48-4eafd9ae62c6,past,989,Groceries,246.2,South,2025-03-12
20b642d6-7696-46b5-be50-4dc4abf92520,cover,868,Groceries,454.68,East,2022-06-30
27140fdd-d7f8-44f9-b3f1-85e1df9786c9,article,343,Furniture,71.69,West,2023-12-28
975d078f-519f-454f-a9fc-dfb707fdc501,stay,329,Electronics,903.08,South,2020-09-02
dcf9c751-7374-4e33-9111-cf03d11f334a,build,14,Groceries,534.58,North,2020-05-10
5c79fcc1-35ca-4e80-9636-be9a19c679e9,together,918,Clothing,945.94,West,2024-04-01
f8476f82-7869-4334-9237-526a5b8d2dbd,how,58,Groceries,26.96,South,2024-01-27
17d569bf-0d78-4358-8c0c-16a8c3eaee05,on,772,Clothing,815.63,West,2025-01-01
a2c5239e-9f77-4951-8688-b6d00e42841e,science,521,Groceries,318.77,West,2021-08-10
f41872c4-f442-4713-9a99-4c236fb0fb57,summer,16,Electronics,417.78,West,2021-03-28
b24c3ef0-231e-4e12-9ecd-464eb381fe1d,central,842,Furniture,163.72,North,2024-05-27
3e2f7f40-7cd4-4feb-933c-0620b2825df2,property,192,Electronics,105.62,West,2021-11-10
5ac114a5-d1ac-4aff-8fbe-a561ca0ca677,future,82,Furniture,744.2,North,2023-01-02
a8e8af55-fbf8-48e0-884c-789004bacc7a,style,689,Furniture,241.68,South,2022-03-31
06a5878d-ed45-46fe-ba85-c96457048960,pass,877,Groceries,516.48,North,2020-03-31
d60718a9-93a7-4973-84ca-f1a2a9c2e903,glass,158,Clothing,44.53,West,2024-05-27
58132eff-7c90-4e70-a4d7-bdb7dbe0b436,ago,16,Electronics,918.96,East,2022-03-22
ce0d8593-21c2-4948-9843-3fceb294a7c0,item,796,Electronics,754.55,West,2023-01-27
311bd4d2-08fd-4009-afe2-db26b1991bf8,campaign,511,Electronics,15.93,West,2024-02-27
74627553-9bdc-4ad1-805d-dd827f0ac17d,pretty,650,Groceries,755.12,North,2020-02-02
b0776660-dac7-415e-837c-7905d2651699,spring,290,Clothing,37.43,East,2022-12-12
9928c808-3982-4236-a89b-300a8817bba1,hope,682,Furniture,441.36,North,2021-11-07
be0c39e8-004e-48c2-a8f6-7c6419718241,purpose,29,Furniture,826.46,South,2020-08-20
2d268303-b064-4e52-9464-4d0d6e3b50c3,adult,802,Groceries,677.87,South,2020-08-24
0d6d498f-7ddd-45cc-b539-68bd6769666e,effort,730,Furniture,798.69,East,2023-03-04
fface910-2d4c-4a05-9e49-1442733040eb,the,336,Clothing,123.91,East,2024-04-18
061fd79a-282a-4662-840b-5c211d22daac,really,49,Electronics,245.86,North,2020-06-25
9d18f23b-67c2-444c-8bf2-3fcea032c2b5,light,430,Furniture,969.16,North,2022-04-17
c012a1d8-f4c3-4e6f-87b8-5c736ba6982a,watch,295,Electronics,15.77,West,2024-09-01
d7fa362c-9fde-4831-89df-730ffdfd01f2,art,359,Electronics,36.93,East,2022-08-31
d797c1fd-1e4c-4751-898b-2ec81cb50ece,eye,675,Clothing,643.89,West,2022-02-05
20ade292-c878-4a5f-9a7b-f79e0bacbb64,gas,232,Clothing,378.76,West,2022-01-17
d15785b2-702b-42af-a7df-b3acb2c7dac2,know,217,Groceries,166.2,West,2023-11-06
eab19e06-805c-4018-a86c-8f487d0c2e55,particularly,265,Groceries,414.16,East,2021-10-04
964e8cd2-184a-495c-ab29-38b457344508,even,938,Clothing,766.24,South,2021-12-14
3920f17d-c1a2-4664-8850-4298217fb487,media,700,Clothing,451.86,West,2021-02-13
c7164bb7-7f17-4343-a55a-82cf33844d52,remain,201,Clothing,995.99,West,2021-01-16
c53b661e-e1a5-4a98-ac12-132b552c8132,character,251,Furniture,562.54,East,2022-05-23
dae9ea44-2cab-4f73-b13c-9f90802d6ded,possible,766,Clothing,679.97,West,2024-04-19
eee30682-e2e6-472c-8272-4f622a8c1cd8,quickly,189,Clothing,411.67,South,2022-10-02
caa8d3d2-0370-4228-89a9-183eadf43025,throughout,148,Clothing,541.75,West,2024-06-16
87b565cb-dab4-40e7-821e-e056aee864d6,gas,268,Furniture,530.93,North,2022-03-12
556cf18c-10e2-4501-92ad-6ba131020be5,early,699,Furniture,622.52,East,2021-10-30
7e9fe088-a63a-4ef1-b2b6-9c415aca8735,director,30,Clothing,547.25,East,2022-04-02
eea1fee9-41cf-48bd-b5f8-46a863aacb02,understand,688,Electronics,489.47,South,2022-11-20
ca757cfc-c8da-467a-80ad-12b0819ded66,point,159,Groceries,174.99,West,2024-11-03
da2b8cbb-e8ef-4310-ab24-ad4d55207fc2,participant,721,Groceries,410.22,West,2023-05-13
a4b0ada2-eb83-4e1a-a673-04d1ef458922,reveal,241,Electronics,100.33,South,2022-04-26
95a48d22-1195-4284-9d2a-cef635ae237e,security,721,Furniture,20.37,South,2025-02-06
72a7d124-de8e-45e3-974c-fde41d68b156,rich,43,Furniture,290.35,North,2025-03-13
e15eb9f5-f52d-4884-9ca4-79915e1df9e6,just,912,Electronics,374.91,East,2022-11-19
c217eb56-f812-4a66-b5ca-b9ceca2e94e6,also,751,Electronics,363.74,West,2023-09-23
b71ac622-c013-4fc7-866c-6e80abb94bc4,old,616,Electronics,144.14,North,2020-10-19
25b18a02-53ba-4930-99ec-84aebce56065,sort,892,Groceries,770.24,North,2020-04-28
33874359-bbae-43c8-919d-0a516b0ff736,though,437,Groceries,453.96,North,2020-08-25
04898ef8-5b0a-4f43-9181-22d3b320b05a,open,919,Electronics,865.03,North,2023-09-02
43e8f6b2-cbad-4bbc-8b4d-67b636375b78,probably,945,Groceries,927.89,West,2020-11-07
6f401e63-d20a-44bd-84a8-19eeee878a76,very,454,Clothing,395.26,East,2021-08-25
459ee8d1-c6d4-4b8c-ac6c-39fb702acabb,though,661,Electronics,50.27,North,2024-01-04
20cf6a16-154d-4280-b090-9ed1fb1c17d5,generation,669,Clothing,935.89,North,2024-08-04
6135586c-1f4a-46a8-8c57-feb451a170c2,threat,614,Groceries,482.92,North,2021-05-03
ba7ec2fa-07b8-4b8f-a041-ef814abac23e,walk,772,Electronics,758.07,North,2022-07-14
905d8589-f925-463f-8f79-12bae1c1f2f2,party,312,Furniture,469.67,East,2020-11-09
a97cb5f9-e731-451d-af35-3521d166b759,role,736,Clothing,469.08,South,2023-01-20
34a1e3d1-a6e2-45ee-baf2-3b9620cf7d75,office,972,Groceries,614.85,East,2024-03-26
0a5fc911-9ef3-487d-88e6-d71d86ffaf0d,buy,998,Furniture,534.47,East,2020-02-20
e9b13886-ddce-458d-83fd-095f4691196a,team,401,Groceries,684.54,North,2022-07-05
0186a88d-a311-4c1d-8348-58164eb5a6a5,small,928,Furniture,320.95,East,2021-05-15
381a31b4-7e21-497a-afa1-7364dadac003,question,977,Electronics,131.63,South,2024-05-19
6a6df4cc-2764-41df-a252-3c49c0bb7d4d,may,912,Groceries,864.08,East,2021-10-30
b9c38f64-3a95-4e24-a22a-a6a45218e868,radio,430,Clothing,563.37,North,2020-03-08
66d0133f-52af-4405-9feb-453da61f63ed,tax,174,Electronics,726.02,East,2020-08-06
a648005c-2bd2-41b9-9ec3-d7505cf6219f,mind,308,Groceries,269.37,North,2024-01-11
31f32496-f698-43c7-8f80-4e8619aed7ef,executive,613,Clothing,346.64,East,2021-09-30
bfa6f852-fbe1-4aa4-8066-2a69c4fe87b7,adult,874,Electronics,702.97,North,2021-07-20
17d0e875-33f6-4e92-8de8-5bb2685833ea,less,24,Furniture,747.06,West,2021-08-09
b03ea134-824d-444d-b19b-e387e217ed65,guy,566,Clothing,911.63,North,2020-01-12
4c21de03-85f5-431f-b010-eeffbcdedafc,toward,573,Furniture,961.38,North,2024-01-26
af7c5eea-332b-4d2e-9a5b-9106b3732e7a,police,277,Furniture,965.31,South,2024-09-17
d6d54879-f7bf-4b01-aa3d-5fb0a7e06d22,establish,760,Groceries,855.98,East,2020-03-12
495a7d44-a75f-4a09-a21f-a3759deb0682,both,924,Electronics,854.2,North,2024-02-29
a5b62796-f286-4f24-8b40-c74a945a506a,already,867,Furniture,122.84,North,2024-12-14
b1318c3f-6255-4c5b-8aa2-40d76708a29b,do,334,Furniture,550.48,South,2025-04-27
423a089c-5c19-4850-8327-6180c621070a,bar,287,Furniture,866.4,East,2024-01-09
edd3074c-4d3c-42f8-8b38-118dd3911a0a,affect,573,Electronics,672.71,West,2023-10-28
e0cdd674-e9ce-4c60-9e0f-72e35e74ed13,during,55,Groceries,735.07,West,2023-11-25
17e3cb51-e08e-48ea-9a5d-9e413100d035,blue,380,Clothing,261.47,East,2020-05-21
c856e657-bab7-4e41-9685-82c7414ad1fb,state,786,Clothing,493.33,East,2023-07-18
09035d26-c726-485b-ac38-da1fd465d0ab,government,942,Clothing,816.86,North,2020-12-12
803b2258-926c-4d81-a50a-1a0878325e52,clearly,279,Clothing,400.41,South,2024-06-25
ed3b753f-0383-4e7b-b396-95c5d7a81dfb,perform,178,Electronics,36.39,East,2023-03-09
309086ef-f94a-4f88-ac2f-326feddc5546,catch,51,Furniture,527.65,North,2021-01-27
2c0240c3-e04b-4f5b-9194-962f8473f115,system,168,Groceries,181.77,South,2020-05-30
69e86fe7-7e2f-43e9-be33-bc8d2ef99675,each,177,Groceries,393.58,West,2024-01-09
faa75f43-caf4-4446-917e-8c4613277785,teacher,925,Groceries,186.01,West,2021-12-16
7c1bcaa3-e86a-48f9-8f57-5f364af0cb4e,play,716,Electronics,435.98,East,2024-03-23
dcd3f577-e289-4b44-805d-3a7c077db82c,common,469,Electronics,490.58,East,2023-06-24
a8486e82-5bcf-43bc-ae80-9e72950e1093,because,451,Electronics,223.72,North,2021-06-25
f4a8009d-c9cb-4869-91da-16a00b1bc358,business,659,Electronics,995.48,West,2023-06-18
7c33ec0b-fedf-4a9e-b61c-51d644d195f4,check,183,Clothing,114.39,North,2020-06-28
6384ec52-9121-4f65-a197-cec57ca4c57a,off,26,Clothing,881.44,North,2023-01-31
45e3411a-1b78-47ec-983e-95267d322fc7,bring,688,Furniture,305.63,East,2024-07-25
66a28fe0-44f5-45b8-877e-8a503847cc5e,return,716,Furniture,765.51,West,2023-09-01
a4ba7761-dcff-42a3-83ef-9c79b43fa776,if,183,Furniture,660.81,West,2020-05-16
50747400-09e7-4c0d-bffb-177defc31dcf,pretty,949,Clothing,996.83,West,2020-10-04
1fe60a1c-25a8-4e02-b880-070ba42a3286,imagine,290,Clothing,57.28,South,2021-04-18
f3499a56-50e8-4639-b48e-d32acda190ae,business,438,Electronics,288.05,East,2023-06-15
a823c9e6-6561-4aef-9e15-adcf7ab95a4c,recently,205,Furniture,136.59,West,2022-06-04
dcb87a77-0db6-4717-949f-d8fb1e5b01cd,tree,732,Furniture,583.23,West,2021-04-11
12566424-b014-4890-a7ce-f4a33b58ff2f,help,41,Groceries,855.92,North,2023-06-21
4622fc10-76be-498f-96fd-35159e9a0b41,idea,101,Furniture,275.67,North,2025-02-14
e3d234d0-f88e-4d26-9deb-c9bef819ea68,specific,292,Furniture,83.65,East,2021-01-13
981dce5f-77ee-473a-bde8-3d3f4fac98c9,report,51,Groceries,425.48,South,2020-11-07
3d4c2305-98a6-4661-8e40-d4e6675c30e0,firm,195,Furniture,335.31,East,2021-06-20
e8eeadce-50b0-4a86-92d9-0b2e272d5db2,economy,630,Furniture,53.5,North,2025-02-21
bf944869-e32b-4718-af97-b452d9976c5c,whether,529,Groceries,665.83,East,2021-12-19
027995a4-6080-426d-9e53-9a319fdce079,across,173,Electronics,499.59,West,2022-04-18
1cc13e4f-42d1-4163-b062-981927dd1258,important,845,Furniture,907.1,North,2024-07-12
292b6d94-5c5b-44d2-85fb-a896b0f9f565,interest,398,Furniture,219.12,South,2022-09-30
3d8755b4-6688-4357-b495-2616f531f68a,film,782,Electronics,352.72,West,2024-03-23
d682485d-7b4c-4105-bc7e-8b0ce9bbe617,response,910,Electronics,888.49,West,2021-02-23
72a1dcc8-2ad6-4b1e-af55-ab7ba2d58b00,these,862,Groceries,427.15,East,2022-12-19
64c1cbf4-ef55-411c-af15-6ed65bdd10bc,back,690,Electronics,756.37,North,2025-02-23
801aa7b4-a484-4dc8-95a2-e53723007b78,already,660,Clothing,132.61,South,2025-02-18
4bcccf8d-76a8-4337-9e67-7c26229732c4,industry,437,Clothing,38.49,North,2024-12-29
6f0952e2-4057-4f54-baf3-21788a08b562,seem,698,Furniture,646.32,South,2023-06-05
aeea2c04-0e52-477d-a20f-ed72f2f36b02,such,489,Clothing,137.79,North,2020-03-11
7f9c0b1a-8877-4b42-ba99-62cf9b62d459,piece,132,Groceries,849.01,East,2025-04-29
970280e0-d37c-41b0-b24e-897838a06271,serious,845,Clothing,81.89,East,2021-06-06
cb772c03-788f-499f-9f48-1d1447e326b7,most,512,Furniture,989.15,West,2025-03-21
55d5348a-00cc-4310-995b-7f54a62b3565,even,288,Groceries,623.68,South,2022-09-02
0dc497f4-18ca-4ab3-8442-4463398f9f70,consumer,689,Furniture,124.92,West,2024-11-13
56861337-b53b-431c-8ff6-96cea9154b88,then,438,Furniture,395.45,East,2025-04-24
a0e1c3fc-ace6-4ca6-9010-627aa8b872ba,tend,432,Clothing,67.69,West,2025-02-17
a09ce46e-8efc-49d5-a56b-0deb10556dda,culture,9,Electronics,438.94,West,2020-03-19
fd1e362e-ae99-4f5a-9bdc-b1929841460f,TV,777,Furniture,995.88,West,2021-08-10
f512ce68-5edd-4c96-874b-4ebf299db70b,them,820,Groceries,706.27,North,2023-10-23
a5e1f158-e4c5-4920-b50b-27003d80276c,serious,127,Clothing,985.61,East,2023-09-27
256e085a-5ff3-4e03-9909-1b042bc2992e,significant,938,Electronics,186.33,West,2020-04-02
4f6c3d8a-969d-4860-b6f9-14651544fd26,prevent,696,Electronics,910.9,West,2023-02-11
61018c8e-11cc-42a2-b2ad-7f88e3a51251,daughter,939,Groceries,744.33,East,2021-10-26
d716dff8-e086-4c47-b37b-72fd906ca7fd,identify,991,Electronics,717.61,East,2020-01-15
9e8ef6cc-0d8a-4155-9b87-95fe669d64ec,catch,189,Electronics,440.4,West,2023-02-21
8c5ffe3c-691b-4291-b498-b12805e8d4f7,action,874,Electronics,639.92,North,2025-01-06
453aa137-6d03-42b5-9084-b5115581ce28,senior,512,Furniture,917.53,South,2021-02-16
7997e003-9c90-46dc-bf50-3b15acf31764,north,245,Furniture,930.55,South,2023-06-29
645a7fe5-ff0b-40c3-8b57-c5868cb0d54a,son,129,Clothing,792.67,East,2020-02-26
f7c17d0e-a837-460a-96f1-02ef1ee1491f,almost,310,Clothing,802.24,South,2023-09-30
705a88c9-39f1-4fd6-9d4e-bd09e105473a,job,766,Groceries,284.55,South,2024-08-04
c9bc6b45-595b-4168-833d-5883aa7a5b62,base,164,Electronics,328.74,South,2024-11-03
d82db0a9-571e-4d68-8227-c280be4c9d91,war,796,Electronics,812.66,North,2023-11-15
35fdf552-761e-4c18-b48b-7fec4dedbc56,box,472,Furniture,392.11,South,2023-06-06
dbdc3a39-bc94-4a50-9d6c-ba6418320850,small,274,Furniture,200.4,South,2021-05-21
ebd931a9-ca20-4f6d-9c95-e1915958cd7f,environmental,166,Furniture,836.95,East,2023-07-10
80afb117-d9fc-49e5-bafa-c0b9d9b711a5,guess,738,Electronics,138.5,East,2020-07-22
207c86db-8db7-4b0b-99ea-50df267a4d45,design,811,Groceries,283.2,North,2021-01-24
10234f8b-706f-4cf1-93f3-6737b1bcfe69,own,332,Electronics,278.49,North,2024-08-02
2a915f1c-110e-4b9a-9488-55da1babe52a,scientist,753,Electronics,538.86,East,2021-11-18
46be5655-2661-46af-bdc3-c919112465d9,while,489,Furniture,23.59,North,2024-05-30
eece5e18-3015-4d77-8600-cd5edd50cdc2,edge,538,Furniture,263.18,East,2022-02-01
7e8e150b-c673-4ce6-83fc-965739181b48,past,576,Clothing,923.92,North,2022-02-27
e69ed112-15b4-49c9-94a4-c00a0c128114,others,937,Groceries,469.11,East,2020-10-23
4108bfc4-9662-4595-a07b-14842c1dda18,measure,396,Furniture,837.49,East,2020-04-01
7232fd3d-ec42-4453-98c2-6de12a910940,foreign,691,Clothing,661.06,East,2022-10-24
c809b3ec-e899-4922-bb66-ebe3cf04c0cc,reduce,353,Furniture,944.96,West,2022-05-03
8b253a26-28f4-41b3-a958-e76f3ea44c58,analysis,266,Clothing,74.74,East,2024-05-08
4f659e9e-1012-42d4-8ccd-562c269b6be4,apply,853,Clothing,696.95,North,2022-01-22
cc401aa6-a917-4a49-9d85-77ef79ff2524,direction,843,Groceries,307.9,West,2024-08-13
178672fa-e19b-4047-954c-1aa345298877,learn,949,Clothing,716.04,North,2020-11-21
f5e23915-d415-47f4-9ed7-ebb2b5c09c84,PM,31,Furniture,602.91,West,2023-05-27
a473b631-9726-4f7f-abd8-714e38138e9e,cultural,147,Groceries,864.6,North,2025-01-26
b1eb304d-1f5e-4574-bf3c-9ed3d5bff379,audience,85,Clothing,552.89,East,2020-04-14
95f7f40f-22b9-4879-8df8-ec82f6093b53,brother,184,Electronics,148.4,South,2025-04-24
f8332f55-41a0-4652-92ba-7f626f37023d,interesting,979,Electronics,584.51,South,2023-11-08
dca6bdbc-3617-4ed1-aa4e-881a6d193b02,start,621,Groceries,906.75,West,2021-11-25
0b4a39d6-5ef7-4433-9793-f88a341be59e,financial,583,Furniture,815.75,West,2024-10-01
bb8d3de0-8c91-4e42-804c-8383bee4dc4f,indicate,473,Groceries,157.3,West,2021-10-28
2a325479-13af-4ae9-8bef-a6703cd64b63,minute,457,Furniture,908.62,West,2024-09-20
d4ed506c-9723-4782-8473-b4a81c5d2a4b,western,41,Clothing,544.7,East,2023-07-15
5a10ebad-b4dd-4e0a-a8ec-55e1d7ac5cc7,try,899,Furniture,766.34,South,2020-08-08
bd2173d4-5dfc-4ef1-9852-54b34b0ac465,stock,673,Electronics,656.54,North,2021-11-15
11343064-03a4-4e07-bc0f-6c3c154e5f71,add,368,Groceries,869.45,East,2024-08-07
ce9116d4-679e-4253-bb30-e9dd9e5e749a,white,588,Electronics,658.54,North,2020-12-04
b496c6ea-320e-4d29-960e-5bbd9a70994d,else,285,Clothing,634.12,North,2020-05-04
4d6b1b4e-2b8d-4d29-80cc-908331eff80c,serve,122,Clothing,869.4,North,2021-02-18
9769c531-94ea-49d4-a6b0-1fe2dc7fe3dd,role,861,Furniture,767.52,West,2020-03-29
a2a1b055-fcd2-4c64-b77a-4c29e12eb161,head,854,Furniture,166.02,North,2020-12-07
72d91ac0-4dca-4cc0-9a06-a846fd044594,career,641,Groceries,453.49,North,2023-12-18
57ecba5c-f87c-480a-a426-8ba7a79bbe74,try,981,Electronics,831.84,North,2024-10-06
109ab5a9-412b-4410-a44e-1ea59e6e46be,he,776,Groceries,165.59,East,2021-03-04
f10e1113-397b-4f65-8b64-f923fe4d1f53,fund,568,Electronics,690.76,West,2024-01-26
3fd62a65-b9f7-4b99-8a1b-91415a034f44,process,435,Electronics,824.95,West,2022-08-30
168a4250-cf8e-4602-9745-20225a605240,mission,522,Clothing,691.92,East,2020-01-18
744c002d-9735-4627-91a2-4735b8907a37,field,193,Furniture,268.04,North,2020-12-29
d80eb43e-262c-4536-9824-7df192d9a174,state,866,Groceries,722.79,North,2022-12-13
c8ae878f-abd4-4832-bf6c-9ca44b575d8e,organization,872,Groceries,697.2,North,2023-12-13
b04b8df5-e68d-478e-b1d6-4b28d2ea8bb4,develop,610,Clothing,109.46,South,2024-12-11
3ca74824-b25c-44c5-a7ad-2de7b58431a7,stuff,338,Electronics,734.08,North,2024-12-12
4d022791-94a1-43d2-95cf-892347285f45,study,133,Furniture,156.51,South,2025-04-26
3795e00c-5c06-486f-b280-a8329163ed01,everything,86,Clothing,741.53,West,2020-10-26
01748932-a9aa-45a1-be5c-e83d8f4da75e,his,81,Groceries,843.76,West,2023-03-11
3898e48b-1cf0-4573-84b5-bb5056ba2375,business,143,Groceries,656.15,North,2025-02-21
379a804d-9bb1-4f84-a049-afe8261d7884,measure,680,Electronics,912.19,North,2020-05-26
43bc53be-68da-4486-8cfd-f74f61c9d56a,station,350,Clothing,281.95,West,2022-07-15
25ff49d6-96ed-482b-bd29-f1ae058158c6,college,590,Furniture,423.73,North,2024-06-17
4ec218c7-12a5-4a98-9ba6-902600b32ee9,describe,574,Clothing,721.43,South,2020-08-07
a6140e48-ab71-4ac7-a612-23ef52a49194,itself,608,Furniture,432.34,North,2020-05-24
f3d9c5a1-54cb-4a77-969e-da2777424122,teach,984,Furniture,899.57,South,2025-02-03
150fdaf8-61ae-4f1b-a936-36dd29e19fe6,bring,536,Furniture,731.23,West,2024-11-13
adc21b10-0dc0-428b-9059-cb3734abdfaa,question,705,Furniture,748.89,South,2020-12-21
7d9a9f1b-abb9-4055-8dd6-e568cc36ecee,pattern,463,Furniture,603.96,North,2021-10-13
6018de9b-81ed-4a92-8207-08786977aef9,anyone,11,Groceries,220.47,South,2024-09-05
a4f5249c-a3d4-4291-8b4d-29cac571774d,social,799,Groceries,995.34,West,2024-05-19
27f1a42a-30d4-4329-baad-6d930c41dc5b,outside,756,Groceries,60.34,North,2021-01-06
7040d328-cb54-4244-a2ef-6e8583f3d865,side,826,Furniture,394.7,South,2021-10-26
d09ed3f3-5b16-413b-81ee-b7a36199e857,year,432,Electronics,287.66,North,2024-08-03
8b59e6cb-308d-48c8-9010-14593f71b1b5,rock,747,Furniture,483.92,North,2023-10-17
2e3461c0-e1a5-4ab3-889f-6b1b8de8db37,some,459,Furniture,289.3,North,2025-03-18
7ec04d45-efb3-47b3-94d8-1f03cb3603b2,mean,663,Electronics,380.55,South,2021-12-16
b33c7124-b9a1-400f-9e18-d5415c3a60de,job,766,Clothing,36.83,South,2022-12-12
376a835c-54ee-42c6-a7f8-544b0cff8f33,anything,538,Electronics,117.23,West,2020-10-04
665be463-9927-46ba-b959-8a771d52a67b,social,755,Clothing,659.13,East,2023-05-24
47e2bc87-9485-40c0-93da-9b1a898c36e9,stop,338,Groceries,204.12,West,2021-10-22
731a5e2e-cce4-40b4-87cd-b46326c0fa04,friend,331,Electronics,177.02,West,2021-01-18
